sample,model,edge_precision,edge_recall,edge_f1,chamfer,rough_edge_density,line_edge_density,density_ratio,agreement_score
lineart_004_002,combined_koma_direct_unet_finegrid_20260802_ep005,0.0,0.0,0.0,20.0,0.09240451388888889,0.002092013888888889,0.0226397369657116,-0.803043891506954
lineart_004_002,combined_koma_direct_unet_finegrid_20260802_ep010,0.0,0.0,0.0,20.0,0.09240451388888889,0.0,0.0,-1.605240844637142
lineart_004_002,combined_koma_direct_unet_finegrid_20260802_ep015,0.0,0.0,0.0,20.0,0.09240451388888889,0.0,0.0,-1.605240844637142
lineart_004_002,combined_koma_direct_unet_finegrid_20260802_ep020,0.0,0.0,0.0,20.0,0.09240451388888889,0.0,0.0,-1.605240844637142
lineart_004_002,combined_koma_direct_unet_finegrid_20260802_ep025,0.8818181818181818,0.01902301550023485,0.03724261499374312,10.341199398040771,0.09240451388888889,0.0014322916666666666,0.015500234852043212,-0.5546393782314362
lineart_004_002,combined_koma_direct_unet_finegrid_20260802_ep030,0.6379757785467128,0.10958196336308126,0.18703742726986586,8.608710289001465,0.09240451388888889,0.010034722222222223,0.10859558478158761,-0.20579029220279135
lineart_004_002,combined_koma_direct_unet_finegrid_20260802_ep035,0.6024993991828888,0.18957256928135274,0.28840146764700963,8.569950103759766,0.09240451388888889,0.018059895833333332,0.19544387036167213,-0.05644584885935122
lineart_004_002,combined_koma_direct_unet_finegrid_20260802_ep040,0.7054888845170175,0.2644903710662283,0.3847402215561948,6.4207106828689575,0.09240451388888889,0.022061631944444444,0.23875058713010805,0.10963558724922107
lineart_004_002,combined_koma_direct_unet_finegrid_20260802_ep045,0.6715432649420161,0.2670267731329263,0.3821132654615981,6.591275095939636,0.09240451388888889,0.024327256944444445,0.26326914044152183,0.11056511427260596
lineart_004_002,combined_koma_direct_unet_finegrid_20260802_ep050,0.7243992606284658,0.2770784405824331,0.4008385154283822,6.508394837379456,0.09240451388888889,0.023480902777777778,0.2541099107562236,0.12852957361013598
lineart_004_002,combined_koma_direct_unet_finegrid_20260802_ep055,0.6906725888324873,0.3043682480037576,0.4225330218115656,6.30923593044281,0.09240451388888889,0.02736111111111111,0.2961014560826679,0.16743787344251054
lineart_004_002,combined_koma_direct_unet_finegrid_20260802_ep060,0.6018333333333333,0.23875058713010802,0.341876779200305,7.602323293685913,0.09240451388888889,0.026041666666666668,0.28182245185533117,0.05050045608397055
lineart_004_002,combined_koma_direct_unet_200ep_20260801_ep020,0.0,0.0,0.0,20.0,0.09240451388888889,0.0,0.0,-1.605240844637142
lineart_004_002,combined_koma_direct_unet_200ep_20260801_ep040,0.6838487972508591,0.2796618130577736,0.39697828430823995,6.4214946031570435,0.09240451388888889,0.025260416666666667,0.27336777829967124,0.13268594185635052
lineart_004_002,combined_koma_direct_unet_200ep_20260801_ep060,0.5985019785189373,0.28431188351338654,0.3854974012471433,6.913610458374023,0.09240451388888889,0.030711805555555555,0.3323626115547205,0.12453484357916476
lineart_004_002,combined_koma_direct_unet_200ep_20260801_ep080,0.5954900478710002,0.29628933771723814,0.3956973097881668,7.020059585571289,0.09240451388888889,0.034453125,0.3728511038046031,0.1412697301853234
lineart_004_002,combined_koma_direct_unet_200ep_20260801_ep100,0.6133053839364518,0.34039455143259745,0.43780187732834486,6.485789060592651,0.09240451388888889,0.03934027777777778,0.4257397839361203,0.20734299439915396
lineart_004_002,combined_koma_direct_unet_200ep_20260801_ep120,0.6308129215477458,0.340864255519023,0.4425782182601929,6.238822937011719,0.09240451388888889,0.0366796875,0.39694692343823396,0.2126914287274565
lineart_004_002,combined_koma_direct_unet_200ep_20260801_ep140,0.6510302498903989,0.35847815875998124,0.4623639055959295,5.730673909187317,0.09240451388888889,0.039600694444444445,0.42855800845467357,0.2513107239075868
lineart_004_002,combined_koma_direct_unet_200ep_20260801_ep160,0.6718317653569452,0.3673555659934241,0.4749887358506512,5.592896461486816,0.09240451388888889,0.039214409722222225,0.4243776420854862,0.2665957999245851
lineart_004_002,combined_koma_direct_unet_200ep_20260801_ep180,0.6301571709233792,0.31258806951620477,0.4178851403352286,6.742424488067627,0.09240451388888889,0.035347222222222224,0.3825270079849695,0.17244804660576024
lineart_004_002,combined_koma_direct_unet_200ep_20260801_ep200,0.6780611563626653,0.3069046500704556,0.4225529872421663,6.323688268661499,0.09240451388888889,0.03250434027777778,0.35176139032409587,0.1808766043945762
lineart_004_003,combined_koma_direct_unet_finegrid_20260802_ep005,0.0,0.0,0.0,20.0,0.10668836805555555,0.002092013888888889,0.019608640820145642,-0.8145427961379506
lineart_004_003,combined_koma_direct_unet_finegrid_20260802_ep010,0.0,0.0,0.0,20.0,0.10668836805555555,0.0,0.0,-1.605240844637142
lineart_004_003,combined_koma_direct_unet_finegrid_20260802_ep015,0.0,0.0,0.0,20.0,0.10668836805555555,0.0,0.0,-1.605240844637142
lineart_004_003,combined_koma_direct_unet_finegrid_20260802_ep020,0.0,0.0,0.0,20.0,0.10668836805555555,0.0,0.0,-1.605240844637142
lineart_004_003,combined_koma_direct_unet_finegrid_20260802_ep025,0.8379705400981997,0.032057280013018184,0.06175217763301889,10.224927544593811,0.10668836805555555,0.002651909722222222,0.0248565965583174,-0.4894415795100973
lineart_004_003,combined_koma_direct_unet_finegrid_20260802_ep030,0.6515320334261838,0.16122208209592775,0.25848248313989675,7.57483172416687,0.10668836805555555,0.015581597222222222,0.1460477604654001,-0.08479403670768756
lineart_004_003,combined_koma_direct_unet_finegrid_20260802_ep035,0.6066749072929543,0.1630527643301737,0.2570260218793356,8.075616836547852,0.10668836805555555,0.01755642361111111,0.16455799194499818,-0.08922377793695185
lineart_004_003,combined_koma_direct_unet_finegrid_20260802_ep040,0.6603198781416603,0.22785891542248077,0.33880514228782416,6.90691864490509,0.10668836805555555,0.02279513888888889,0.21366095765021767,0.042662989737013296
lineart_004_003,combined_koma_direct_unet_finegrid_20260802_ep045,0.6175499565595135,0.22700459704649933,0.33197779455765747,7.145165681838989,0.10668836805555555,0.024978298611111113,0.23412391684634476,0.037196272942162864
lineart_004_003,combined_koma_direct_unet_finegrid_20260802_ep050,0.6659698372405555,0.28074529107847523,0.3949823768794339,6.536052227020264,0.10668836805555555,0.029066840277777777,0.27244619828322686,0.12755594145473276
lineart_004_003,combined_koma_direct_unet_finegrid_20260802_ep055,0.6115384615384616,0.2513730116756845,0.3562920869735349,6.968186140060425,0.10668836805555555,0.029340277777777778,0.2750091534111712,0.07881136173298656
lineart_004_003,combined_koma_direct_unet_finegrid_20260802_ep060,0.5936468646864687,0.2628046051828648,0.36432450729701116,7.15212345123291,0.10668836805555555,0.0315625,0.2958382490541475,0.08808602662277507
lineart_004_003,combined_koma_direct_unet_200ep_20260801_ep020,0.0,0.0,0.0,20.0,0.10668836805555555,0.0,0.0,-1.605240844637142
lineart_004_003,combined_koma_direct_unet_200ep_20260801_ep040,0.6799462094469658,0.26744233350962127,0.3838898037504579,6.1607444286346436,0.10668836805555555,0.0258203125,0.24201619136731625,0.11637114114762574
lineart_004_003,combined_koma_direct_unet_200ep_20260801_ep060,0.5591094386955159,0.2175664130832757,0.313241192756004,7.986007213592529,0.10668836805555555,0.027682291666666668,0.2594686953337944,0.0056614749597924535
lineart_004_003,combined_koma_direct_unet_200ep_20260801_ep080,0.5928490672696438,0.24287050974329766,0.3445786340993835,7.653058052062988,0.10668836805555555,0.030711805555555555,0.28786461087832066,0.05363098195818433
lineart_004_003,combined_koma_direct_unet_200ep_20260801_ep100,0.5485941996900597,0.28273870062243195,0.37315691735781475,7.554810285568237,0.10668836805555555,0.03921006944444445,0.3675196289817339,0.10420837625377426
lineart_004_003,combined_koma_direct_unet_200ep_20260801_ep120,0.5831379236836496,0.29770961311582117,0.39417892064230126,6.768453598022461,0.10668836805555555,0.040720486111111114,0.38167690492656936,0.14791311454081346
lineart_004_003,combined_koma_direct_unet_200ep_20260801_ep140,0.5935762115537396,0.28151824579960133,0.3819074213551099,6.928614139556885,0.10668836805555555,0.0382421875,0.3584475814653594,0.12661424019352763
lineart_004_003,combined_koma_direct_unet_200ep_20260801_ep160,0.5896250642013354,0.3080834791098816,0.40470538573577797,6.775025844573975,0.10668836805555555,0.042252604166666666,0.39603759000854316,0.16123004778393407
lineart_004_003,combined_koma_direct_unet_200ep_20260801_ep180,0.6049977074736359,0.2824946096578658,0.3851494551954404,6.968096733093262,0.10668836805555555,0.03786458333333333,0.3549082624791506,0.12807536179183193
lineart_004_003,combined_koma_direct_unet_200ep_20260801_ep200,0.5828719084533038,0.25324437573735814,0.35308254457448124,7.383374929428101,0.10668836805555555,0.0352734375,0.33062121150482077,0.07995561653703656
lineart_004_006,combined_koma_direct_unet_finegrid_20260802_ep005,0.4363207547169811,0.013359970033712074,0.0259260932802369,12.993165254592896,0.10428385416666666,0.0018402777777777777,0.017646814000915636,-0.6218790398253722
lineart_004_006,combined_koma_direct_unet_finegrid_20260802_ep010,0.0,0.0,0.0,20.0,0.10428385416666666,0.0,0.0,-1.605240844637142
lineart_004_006,combined_koma_direct_unet_finegrid_20260802_ep015,0.0,0.0,0.0,20.0,0.10428385416666666,0.0,0.0,-1.605240844637142
lineart_004_006,combined_koma_direct_unet_finegrid_20260802_ep020,0.0,0.0,0.0,20.0,0.10428385416666666,0.0,0.0,-1.605240844637142
lineart_004_006,combined_koma_direct_unet_finegrid_20260802_ep025,0.7718631178707225,0.023182253298372663,0.045012591630685835,10.464174151420593,0.10428385416666666,0.002282986111111111,0.021892038123777418,-0.5223223432951556
lineart_004_006,combined_koma_direct_unet_finegrid_20260802_ep030,0.7028455284552846,0.10875265326507678,0.1883599982764466,8.764861583709717,0.10428385416666666,0.010677083333333334,0.10238481708078412,-0.21308288916152704
lineart_004_006,combined_koma_direct_unet_finegrid_20260802_ep035,0.6631369953673064,0.19045240770799518,0.29591753822840655,7.928229331970215,0.10428385416666666,0.019674479166666668,0.18866275440129857,-0.03571173315492426
lineart_004_006,combined_koma_direct_unet_finegrid_20260802_ep040,0.7192072606038156,0.2472634952345278,0.36800637780434753,6.682146430015564,0.10428385416666666,0.02343315972222222,0.2247055396012819,0.08151556131207802
lineart_004_006,combined_koma_direct_unet_finegrid_20260802_ep045,0.6863342898134863,0.24418362675323593,0.360211432940736,7.445003151893616,0.10428385416666666,0.02420138888888889,0.23207225204977736,0.057229832179281
lineart_004_006,combined_koma_direct_unet_finegrid_20260802_ep050,0.7562649640861931,0.29079785241603195,0.42007074255278964,6.213218450546265,0.10428385416666666,0.02719184027777778,0.26074832480126525,0.15720431251620315
lineart_004_006,combined_koma_direct_unet_finegrid_20260802_ep055,0.7325730806296177,0.2804345111749282,0.4056016468747578,6.519358158111572,0.10428385416666666,0.027022569444444443,0.2591251508719357,0.1345821628427494
lineart_004_006,combined_koma_direct_unet_finegrid_20260802_ep060,0.6636811464397672,0.27277645981604026,0.38664130092620086,6.813582181930542,0.10428385416666666,0.029075520833333333,0.2788113372455987,0.11412415145925536
lineart_004_006,combined_koma_direct_unet_200ep_20260801_ep020,0.3283582089552239,0.003995505056811088,0.00789494342331027,12.633802890777588,0.10428385416666666,0.0008723958333333333,0.008365588712698215,-0.6906404143607467
lineart_004_006,combined_koma_direct_unet_200ep_20260801_ep040,0.6544308490915832,0.22587089524285178,0.33583230457100743,6.944296360015869,0.10428385416666666,0.023411458333333333,0.22449744037957298,0.04271361770724137
lineart_004_006,combined_koma_direct_unet_200ep_20260801_ep060,0.584133309183119,0.19157614350522328,0.2885255717289983,8.299956321716309,0.10428385416666666,0.02396267361111111,0.2297831606109793,-0.03662287189052922
lineart_004_006,combined_koma_direct_unet_200ep_20260801_ep080,0.609722697706265,0.20868189952969576,0.3109417790990947,8.49857783317566,0.10428385416666666,0.02535590277777778,0.24314313064469142,-0.014651066253825243
lineart_004_006,combined_koma_direct_unet_200ep_20260801_ep100,0.5952743902439024,0.26470221001373456,0.36645287003142485,7.345655679702759,0.10428385416666666,0.034166666666666665,0.32763141465850915,0.09354219497807964
lineart_004_006,combined_koma_direct_unet_200ep_20260801_ep120,0.6113253012048193,0.2809755691513714,0.384999006835197,7.205087423324585,0.10428385416666666,0.03602430555555555,0.34544470803679195,0.11983800659551415
lineart_004_006,combined_koma_direct_unet_200ep_20260801_ep140,0.668073519400953,0.26907229366962165,0.38363309465399814,6.993847370147705,0.10428385416666666,0.03187934027777778,0.30569775669039,0.11397423932960037
lineart_004_006,combined_koma_direct_unet_200ep_20260801_ep160,0.6118811881188119,0.271111666042369,0.375740590762684,7.069067478179932,0.10428385416666666,0.035069444444444445,0.3362883422815999,0.11183099777005363
lineart_004_006,combined_koma_direct_unet_200ep_20260801_ep180,0.628333811299111,0.23531859990843634,0.34240310298747256,7.481139183044434,0.10428385416666666,0.03026909722222222,0.2902567944395888,0.05641548343086608
lineart_004_006,combined_koma_direct_unet_200ep_20260801_ep200,0.6512509476876421,0.2319057726724102,0.34202050608994833,7.336992979049683,0.10428385416666666,0.028624131944444443,0.27448287343405336,0.055166368666476076
lineart_004_008,combined_koma_direct_unet_finegrid_20260802_ep005,0.3360655737704918,0.016217798594847774,0.03094238455523557,13.935803890228271,0.07413194444444444,0.0021180555555555558,0.028571428571428574,-0.6018805576196243
lineart_004_008,combined_koma_direct_unet_finegrid_20260802_ep010,0.0,0.0,0.0,20.0,0.07413194444444444,0.0,0.0,-1.605240844637142
lineart_004_008,combined_koma_direct_unet_finegrid_20260802_ep015,0.0,0.0,0.0,20.0,0.07413194444444444,0.0,0.0,-1.605240844637142
lineart_004_008,combined_koma_direct_unet_finegrid_20260802_ep020,0.0,0.0,0.0,20.0,0.07413194444444444,0.0,0.0,-1.605240844637142
lineart_004_008,combined_koma_direct_unet_finegrid_20260802_ep025,0.789937106918239,0.05667447306791569,0.10576106056124844,9.872118949890137,0.07413194444444444,0.0034505208333333332,0.04654566744730679,-0.38642762140106335
lineart_004_008,combined_koma_direct_unet_finegrid_20260802_ep030,0.5850091407678245,0.15146370023419203,0.24062706510932266,8.411695957183838,0.07413194444444444,0.011870659722222222,0.16012880562060888,-0.11620747401919165
lineart_004_008,combined_koma_direct_unet_finegrid_20260802_ep035,0.5697014557118184,0.2158665105386417,0.31309694533569005,7.725709676742554,0.07413194444444444,0.017591145833333332,0.2372950819672131,0.004878136159986002
lineart_004_008,combined_koma_direct_unet_finegrid_20260802_ep040,0.617330016583748,0.2522833723653396,0.35818698383729014,7.376234531402588,0.07413194444444444,0.0209375,0.2824355971896956,0.0726367422373823
lineart_004_008,combined_koma_direct_unet_finegrid_20260802_ep045,0.524692789241827,0.19110070257611242,0.28016225854771104,8.669323444366455,0.07413194444444444,0.018719618055555557,0.2525175644028103,-0.046672785217027765
lineart_004_008,combined_koma_direct_unet_finegrid_20260802_ep050,0.6766129032258065,0.2977751756440281,0.41354883227793515,6.469000935554504,0.07413194444444444,0.021527777777777778,0.2903981264637002,0.15290361307918549
lineart_004_008,combined_koma_direct_unet_finegrid_20260802_ep055,0.6189058429475252,0.2750585480093677,0.3808548623137917,7.298764944076538,0.07413194444444444,0.023324652777777777,0.3146370023419204,0.10587888445850825
lineart_004_008,combined_koma_direct_unet_finegrid_20260802_ep060,0.5209385693335506,0.27107728337236536,0.35659541837797026,7.49224066734314,0.07413194444444444,0.026636284722222223,0.35930913348946136,0.08740362849811466
lineart_004_008,combined_koma_direct_unet_200ep_20260801_ep020,0.0,0.0,0.0,20.0,0.07413194444444444,0.0,0.0,-1.605240844637142
lineart_004_008,combined_koma_direct_unet_200ep_20260801_ep040,0.7081472027228249,0.29736533957845435,0.41884794977745843,6.216023325920105,0.07413194444444444,0.020403645833333334,0.27523419203747074,0.16023673172398134
lineart_004_008,combined_koma_direct_unet_200ep_20260801_ep060,0.6378407654811338,0.28466042154566745,0.3936428998342215,7.196721792221069,0.07413194444444444,0.024040798611111112,0.3242974238875878,0.1236373182839382
lineart_004_008,combined_koma_direct_unet_200ep_20260801_ep080,0.5817071101306635,0.27377049180327867,0.37231656624537307,7.715728521347046,0.07413194444444444,0.025577256944444446,0.3450234192037471,0.0942919146113251
lineart_004_008,combined_koma_direct_unet_200ep_20260801_ep100,0.5817722864354988,0.3553864168618267,0.44123576418460453,6.593079090118408,0.07413194444444444,0.03266927083333333,0.4406908665105386,0.21085585634700196
lineart_004_008,combined_koma_direct_unet_200ep_20260801_ep120,0.5241258303045494,0.3300936768149883,0.40507298416149745,7.137221574783325,0.07413194444444444,0.03463107638888889,0.4671545667447307,0.16575483694917192
lineart_004_008,combined_koma_direct_unet_200ep_20260801_ep140,0.5281186783546864,0.3088992974238876,0.3898016372908837,7.144045829772949,0.07413194444444444,0.03218315972222222,0.4341334894613583,0.14444823452491767
lineart_004_008,combined_koma_direct_unet_200ep_20260801_ep160,0.5096006144393241,0.31405152224824356,0.38861272028489274,7.319416046142578,0.07413194444444444,0.03390625,0.45737704918032784,0.14304754510364898
lineart_004_008,combined_koma_direct_unet_200ep_20260801_ep180,0.5493651979088873,0.28711943793911004,0.37713406818764417,7.0822594165802,0.07413194444444444,0.029058159722222223,0.39197892271662765,0.1251538060357561
lineart_004_008,combined_koma_direct_unet_200ep_20260801_ep200,0.5598548972188634,0.28951990632318503,0.3816669313039198,7.51082968711853,0.07413194444444444,0.028715277777777777,0.3873536299765808,0.11802281067483386
lineart_004_009,combined_koma_direct_unet_finegrid_20260802_ep005,0.2600806451612903,0.007530542759863809,0.014637268603113165,16.04371929168701,0.10835503472222222,0.0021527777777777778,0.019867814940917286,-0.6999480493858448
lineart_004_009,combined_koma_direct_unet_finegrid_20260802_ep010,0.0,0.0,0.0,20.0,0.10835503472222222,0.0,0.0,-1.605240844637142
lineart_004_009,combined_koma_direct_unet_finegrid_20260802_ep015,0.0,0.0,0.0,20.0,0.10835503472222222,0.0,0.0,-1.605240844637142
lineart_004_009,combined_koma_direct_unet_finegrid_20260802_ep020,0.0,0.0,0.0,16.60867166519165,0.10835503472222222,0.0004991319444444444,0.004606449028640096,-0.845640631195508
lineart_004_009,combined_koma_direct_unet_finegrid_20260802_ep025,0.9154411764705882,0.015461646304826757,0.030409678297597147,10.244585514068604,0.10835503472222222,0.0011805555555555556,0.010895253354696577,-0.5872592040852149
lineart_004_009,combined_koma_direct_unet_finegrid_20260802_ep030,0.5639392454679079,0.07222110955337473,0.1280441879375608,10.144763231277466,0.10835503472222222,0.008858506944444445,0.08175445623873424,-0.32589768965436505
lineart_004_009,combined_koma_direct_unet_finegrid_20260802_ep035,0.5871630793096762,0.1849789705587823,0.2813286026303884,8.417742013931274,0.10835503472222222,0.0223828125,0.20656919687562592,-0.05528453402859354
lineart_004_009,combined_koma_direct_unet_finegrid_20260802_ep040,0.6718855218855219,0.24718606048467856,0.36140979318121796,7.143342733383179,0.10835503472222222,0.02578125,0.23793310634888845,0.06796496800039696
lineart_004_009,combined_koma_direct_unet_finegrid_20260802_ep045,0.6090145148968679,0.23092329260965352,0.3348715482746351,7.615025281906128,0.10835503472222222,0.028407118055555555,0.2621670338473864,0.03739404065972518
lineart_004_009,combined_koma_direct_unet_finegrid_20260802_ep050,0.6975239167135622,0.2896855597836972,0.4093611560387937,6.426053166389465,0.10835503472222222,0.030850694444444444,0.2847186060484679,0.14820951218624362
lineart_004_009,combined_koma_direct_unet_finegrid_20260802_ep055,0.6405901314158194,0.3017023833366713,0.4102071625621886,6.48395037651062,0.10835503472222222,0.03500868055555555,0.32309232926096537,0.15772303134931137
lineart_004_009,combined_koma_direct_unet_finegrid_20260802_ep060,0.5929432013769363,0.2756258762267174,0.37632122452042854,7.174299240112305,0.10835503472222222,0.03530381944444445,0.32581614259963954,0.10724998060021773
lineart_004_009,combined_koma_direct_unet_200ep_20260801_ep020,0.0,0.0,0.0,17.56360626220703,0.10835503472222222,0.00037760416666666666,0.0034848788303625078,-0.8918359168975859
lineart_004_009,combined_koma_direct_unet_200ep_20260801_ep040,0.7084729535662997,0.26557180052072904,0.3863281170795777,6.412614464759827,0.10835503472222222,0.027200520833333332,0.2510314440216303,0.11543858964377929
lineart_004_009,combined_koma_direct_unet_200ep_20260801_ep060,0.5944427099594131,0.222791908672141,0.324110170883023,7.929392099380493,0.10835503472222222,0.027803819444444444,0.2565992389345083,0.017056184977262176
lineart_004_009,combined_koma_direct_unet_200ep_20260801_ep080,0.5953787580412235,0.24458241538153414,0.34672834725252094,7.8211445808410645,0.10835503472222222,0.03305989583333333,0.30510715001001404,0.0562323525265406
lineart_004_009,combined_koma_direct_unet_200ep_20260801_ep100,0.5756638583768796,0.2882435409573403,0.38414160838903233,7.511219263076782,0.10835503472222222,0.04069878472222222,0.37560584818746245,0.118023929890906
lineart_004_009,combined_koma_direct_unet_200ep_20260801_ep120,0.6200859291084855,0.30182255157220106,0.40601843076518057,6.965957164764404,0.10835503472222222,0.04040798611111111,0.3729220909272983,0.1529586414329827
lineart_004_009,combined_koma_direct_unet_200ep_20260801_ep140,0.5895689304595364,0.30394552373322653,0.4011056262257239,7.3554394245147705,0.10835503472222222,0.04269097222222222,0.39399158822351293,0.14270558304496447
lineart_004_009,combined_koma_direct_unet_200ep_20260801_ep160,0.6089669028233055,0.2986581213699179,0.40076663010769303,6.81510853767395,0.10835503472222222,0.04104600694444444,0.37881033446825557,0.15273134579230846
lineart_004_009,combined_koma_direct_unet_200ep_20260801_ep180,0.5859653024911032,0.26821550170238334,0.3679899543896552,7.307858467102051,0.10835503472222222,0.03902777777777778,0.3601842579611456,0.10360232864800495
lineart_004_009,combined_koma_direct_unet_200ep_20260801_ep200,0.6034416826003824,0.2375325455637893,0.34088330930251365,7.77674412727356,0.10835503472222222,0.03404947916666667,0.3142399359102744,0.05385682949926851
lineart_004_010,combined_koma_direct_unet_finegrid_20260802_ep005,0.23246492985971945,0.009443218052489575,0.0181491780344554,16.470516681671143,0.07078125,0.002165798611111111,0.030598479273975958,-0.6725581364623332
lineart_004_010,combined_koma_direct_unet_finegrid_20260802_ep010,0.0,0.0,0.0,20.0,0.07078125,0.0,0.0,-1.605240844637142
lineart_004_010,combined_koma_direct_unet_finegrid_20260802_ep015,0.0,0.0,0.0,20.0,0.07078125,0.0,0.0,-1.605240844637142
lineart_004_010,combined_koma_direct_unet_finegrid_20260802_ep020,0.0,0.0,0.0,20.0,0.07078125,0.0,0.0,-1.605240844637142
lineart_004_010,combined_koma_direct_unet_finegrid_20260802_ep025,0.7407407407407407,0.012693156732891833,0.02495862836059792,10.709776997566223,0.07078125,0.0008203125,0.011589403973509932,-0.5993989204889179
lineart_004_010,combined_koma_direct_unet_finegrid_20260802_ep030,0.5425733207190161,0.1128280598479274,0.18680917348394577,9.537219762802124,0.07078125,0.009175347222222222,0.12962962962962962,-0.21506723238682424
lineart_004_010,combined_koma_direct_unet_finegrid_20260802_ep035,0.48657483072612656,0.18996811380917342,0.27325302426603665,8.8128662109375,0.07078125,0.01858940972222222,0.26263183713514837,-0.0540287979133027
lineart_004_010,combined_koma_direct_unet_finegrid_20260802_ep040,0.5410353535353535,0.2362644101054697,0.32890116433459093,7.857496023178101,0.07078125,0.020625,0.2913907284768212,0.03381654752340535
lineart_004_010,combined_koma_direct_unet_finegrid_20260802_ep045,0.5150567070786077,0.2264532744665195,0.3145912550249207,8.638122081756592,0.07078125,0.022196180555555556,0.31358842285994604,0.005864290333964933
lineart_004_010,combined_koma_direct_unet_finegrid_20260802_ep050,0.597178970507419,0.2937821927888153,0.39382310850446095,7.123656272888184,0.07078125,0.023693576388888887,0.3347436840814324,0.12818048870966545
lineart_004_010,combined_koma_direct_unet_finegrid_20260802_ep055,0.5475814100537465,0.3006499877360804,0.3881731910564251,7.491449356079102,0.07078125,0.027456597222222223,0.3879077753249939,0.12512794434856359
lineart_004_010,combined_koma_direct_unet_finegrid_20260802_ep060,0.5237164682892166,0.2523301447142507,0.34057091421662805,8.335389137268066,0.07078125,0.02443142361111111,0.34516801569781697,0.047088267506916984
lineart_004_010,combined_koma_direct_unet_200ep_20260801_ep020,0.0,0.0,0.0,20.0,0.07078125,0.0,0.0,-1.605240844637142
lineart_004_010,combined_koma_direct_unet_200ep_20260801_ep040,0.5057192374350087,0.2608535688005887,0.34417779191475933,7.395398378372192,0.07078125,0.02504340277777778,0.3538140789796419,0.0761741361004946
lineart_004_010,combined_koma_direct_unet_200ep_20260801_ep060,0.4662605435801312,0.2580941869021339,0.3322657554807183,8.366992712020874,0.07078125,0.027786458333333333,0.3925680647534952,0.048287310207449585
lineart_004_010,combined_koma_direct_unet_200ep_20260801_ep080,0.5098820529167994,0.25564140299239635,0.34054335595369467,8.915114402770996,0.07078125,0.027230902777777777,0.38471915624233505,0.04124616186933812
lineart_004_010,combined_koma_direct_unet_200ep_20260801_ep100,0.5417419588001445,0.35093205788570025,0.425944111492317,7.39304256439209,0.07078125,0.03602864583333333,0.5090139808682854,0.18709566374378603
lineart_004_010,combined_koma_direct_unet_200ep_20260801_ep120,0.4707629979743417,0.26778268334559724,0.3413795030040312,8.469733476638794,0.07078125,0.032139756944444445,0.4540716212901643,0.06647613910908175
lineart_004_010,combined_koma_direct_unet_200ep_20260801_ep140,0.5465207193119624,0.3200269806230071,0.40367397123654447,7.282577276229858,0.07078125,0.03330729166666667,0.4705665930831494,0.16130411588021829
lineart_004_010,combined_koma_direct_unet_200ep_20260801_ep160,0.501405696125168,0.3175128771155261,0.38881219789363086,7.559948682785034,0.07078125,0.0355078125,0.5016556291390728,0.1446261694299693
lineart_004_010,combined_koma_direct_unet_200ep_20260801_ep180,0.5080517840227344,0.2525754231052244,0.3374094250281504,8.481529712677002,0.07078125,0.027491319444444443,0.38839833210694136,0.04971327526398063
lineart_004_010,combined_koma_direct_unet_200ep_20260801_ep200,0.5153927016068479,0.2619573215599706,0.3473619029802585,7.944482803344727,0.07078125,0.028901909722222223,0.408327201373559,0.07709491595035858
lineart_004_013,combined_koma_direct_unet_finegrid_20260802_ep005,0.41330645161290325,0.014418493803622498,0.027864900447995257,14.512618064880371,0.10927083333333333,0.0021527777777777778,0.019701302828090246,-0.6491161921355593
lineart_004_013,combined_koma_direct_unet_finegrid_20260802_ep010,0.0,0.0,0.0,20.0,0.10927083333333333,0.0,0.0,-1.605240844637142
lineart_004_013,combined_koma_direct_unet_finegrid_20260802_ep015,0.0,0.0,0.0,20.0,0.10927083333333333,0.0,0.0,-1.605240844637142
lineart_004_013,combined_koma_direct_unet_finegrid_20260802_ep020,0.0,0.0,0.0,20.0,0.10927083333333333,0.0,0.0,-1.605240844637142
lineart_004_013,combined_koma_direct_unet_finegrid_20260802_ep025,0.8174757281553398,0.027089291388624086,0.05244081317761681,10.067261338233948,0.10927083333333333,0.0022352430555555554,0.020455989831585638,-0.5103990833246724
lineart_004_013,combined_koma_direct_unet_finegrid_20260802_ep030,0.6994818652849741,0.1174928503336511,0.20119133808639242,8.27103340625763,0.10927083333333333,0.010889756944444445,0.09965840482999683,-0.19006504846027397
lineart_004_013,combined_koma_direct_unet_finegrid_20260802_ep035,0.6320154291224687,0.20928662217985383,0.31444681282266385,7.766110181808472,0.10927083333333333,0.022504340277777778,0.2059501112170321,-0.0061156471689971514
lineart_004_013,combined_koma_direct_unet_finegrid_20260802_ep040,0.6655249186504538,0.2453924372418176,0.35857211584869947,6.809337735176086,0.10927083333333333,0.025342881944444444,0.2319272322847156,0.07143214363244088
lineart_004_013,combined_koma_direct_unet_finegrid_20260802_ep045,0.6642745709828393,0.2567127422942485,0.3703150831612709,6.901123285293579,0.10927083333333333,0.027821180555555554,0.25460756275818236,0.0883444499225692
lineart_004_013,combined_koma_direct_unet_finegrid_20260802_ep050,0.6933955167744847,0.26986018430251035,0.38851541027389147,6.744150280952454,0.10927083333333333,0.02884982638888889,0.2640212901175723,0.11337361047386724
lineart_004_013,combined_koma_direct_unet_finegrid_20260802_ep055,0.6792855238603039,0.2991738163330156,0.415396806397508,6.6457473039627075,0.10927083333333333,0.032560763888888886,0.2979822052748649,0.15239540315024747
lineart_004_013,combined_koma_direct_unet_finegrid_20260802_ep060,0.5972670807453416,0.27899586908166507,0.38033115128127465,7.205646276473999,0.10927083333333333,0.03493923611111111,0.3197489672704163,0.10897246890289398
lineart_004_013,combined_koma_direct_unet_200ep_20260801_ep020,0.0,0.0,0.0,20.0,0.10927083333333333,0.0,0.0,-1.605240844637142
lineart_004_013,combined_koma_direct_unet_200ep_20260801_ep040,0.6900120752113162,0.24221480775341594,0.35856323218940556,6.476717591285706,0.10927083333333333,0.025160590277777777,0.23025897680330473,0.07916124301490211
lineart_004_013,combined_koma_direct_unet_200ep_20260801_ep060,0.6375752364574376,0.26648395297108357,0.37586824250976675,6.590738534927368,0.10927083333333333,0.030286458333333332,0.2771687321258341,0.10844947377678066
lineart_004_013,combined_koma_direct_unet_200ep_20260801_ep080,0.6070810594968721,0.25587861455354305,0.3600146451725891,7.245905637741089,0.10927083333333333,0.03260850694444444,0.29841912932952014,0.08212649971905527
lineart_004_013,combined_koma_direct_unet_200ep_20260801_ep100,0.6411428571428571,0.3332538925961233,0.4385551427799673,6.298529386520386,0.10927083333333333,0.04177517361111111,0.3823085478233238,0.20416972574989706
lineart_004_013,combined_koma_direct_unet_200ep_20260801_ep120,0.6497134670487106,0.28781379091197967,0.39891425954827137,6.611741781234741,0.10927083333333333,0.03635416666666667,0.332697807435653,0.14557906012189326
lineart_004_013,combined_koma_direct_unet_200ep_20260801_ep140,0.6618526458309827,0.3065618048935494,0.4190328666155607,6.339758396148682,0.10927083333333333,0.03846788194444444,0.35204162694629804,0.17701843855137606
lineart_004_013,combined_koma_direct_unet_200ep_20260801_ep160,0.653156146179402,0.30759453447727997,0.41822975464915707,6.2569708824157715,0.10927083333333333,0.03919270833333333,0.3586749285033365,0.17977837920210585
lineart_004_013,combined_koma_direct_unet_200ep_20260801_ep180,0.6621091105997022,0.2601684143628853,0.3735532370192639,6.74050509929657,0.10927083333333333,0.032061631944444446,0.2934143628852876,0.10694705263960926
lineart_004_013,combined_koma_direct_unet_200ep_20260801_ep200,0.7115128167135872,0.253892596123292,0.3742424349570786,6.615886807441711,0.10927083333333333,0.02929253472222222,0.2680727677152844,0.10352551965096887
lineart_004_020,combined_koma_direct_unet_finegrid_20260802_ep005,0.19668737060041408,0.008853792773390764,0.0169448220673165,15.967315196990967,0.07255208333333334,0.0020963541666666665,0.028894472361809042,-0.6657664554506764
lineart_004_020,combined_koma_direct_unet_finegrid_20260802_ep010,0.0,0.0,0.0,20.0,0.07255208333333334,0.0,0.0,-1.605240844637142
lineart_004_020,combined_koma_direct_unet_finegrid_20260802_ep015,0.0,0.0,0.0,20.0,0.07255208333333334,0.0,0.0,-1.605240844637142
lineart_004_020,combined_koma_direct_unet_finegrid_20260802_ep020,0.0,0.0,0.0,20.0,0.07255208333333334,0.0,0.0,-1.605240844637142
lineart_004_020,combined_koma_direct_unet_finegrid_20260802_ep025,0.4532627865961199,0.024168461354391,0.045890017414056766,11.359252691268921,0.07255208333333334,0.0024609375,0.03391959798994975,-0.5087922854548707
lineart_004_020,combined_koma_direct_unet_finegrid_20260802_ep030,0.6581650726177825,0.18395549174443646,0.2875433392939686,7.460054397583008,0.07255208333333334,0.012252604166666667,0.16888011486001436,-0.04124331627075195
lineart_004_020,combined_koma_direct_unet_finegrid_20260802_ep035,0.5214201183431952,0.20662837999521416,0.295969827823442,8.304536581039429,0.07255208333333334,0.018337673611111112,0.25275185451064847,-0.021671353404666277
lineart_004_020,combined_koma_direct_unet_finegrid_20260802_ep040,0.6629502572898799,0.2925939219909069,0.40599947144532206,6.317145109176636,0.07255208333333334,0.020243055555555556,0.2790141182100981,0.14595141207290793
lineart_004_020,combined_koma_direct_unet_finegrid_20260802_ep045,0.6264609630668536,0.2518545106484805,0.3592718653268642,7.464431285858154,0.07255208333333334,0.018567708333333332,0.25592246949030867,0.06363062446637394
lineart_004_020,combined_koma_direct_unet_finegrid_20260802_ep050,0.672,0.30952380952380953,0.4238307781874636,6.192363977432251,0.07255208333333334,0.021701388888888888,0.2991146207226609,0.17246740417953182
lineart_004_020,combined_koma_direct_unet_finegrid_20260802_ep055,0.549412915851272,0.2931323283082077,0.38229564131419047,7.352595329284668,0.07255208333333334,0.026614583333333334,0.36683417085427134,0.11825312739598566
lineart_004_020,combined_koma_direct_unet_finegrid_20260802_ep060,0.5752577319587628,0.28906436946637953,0.3847790384976547,7.016139268875122,0.07255208333333334,0.025260416666666667,0.34816941852117733,0.12497027014839086
lineart_004_020,combined_koma_direct_unet_200ep_20260801_ep020,0.0,0.0,0.0,20.0,0.07255208333333334,0.0,0.0,-1.605240844637142
lineart_004_020,combined_koma_direct_unet_200ep_20260801_ep040,0.6512134411947729,0.3972242163196937,0.4934537537476334,5.241154432296753,0.07255208333333334,0.027899305555555556,0.38454175640105287,0.2859686612033823
lineart_004_020,combined_koma_direct_unet_200ep_20260801_ep060,0.5776414831335378,0.35678391959798994,0.44111213559118745,6.308629512786865,0.07255208333333334,0.031137152777777777,0.42916965781287386,0.21572416053346954
lineart_004_020,combined_koma_direct_unet_200ep_20260801_ep080,0.5417515274949084,0.3682100981095956,0.43843251732160987,6.19190526008606,0.07255208333333334,0.03622829861111111,0.49934194783441016,0.22807775368209285
lineart_004_020,combined_koma_direct_unet_200ep_20260801_ep100,0.5123075193885579,0.36904761904761907,0.4290344765811571,6.355873107910156,0.07255208333333334,0.03861545138888889,0.5322445561139029,0.2196854726175601
lineart_004_020,combined_koma_direct_unet_200ep_20260801_ep120,0.4794648051192554,0.3386575735821967,0.39694400678165837,6.937976837158203,0.07255208333333334,0.0373046875,0.5141780330222542,0.17027972939263475
lineart_004_020,combined_koma_direct_unet_200ep_20260801_ep140,0.5044790193305044,0.34966499162479064,0.4130419456358301,6.71899676322937,0.07255208333333334,0.036822916666666664,0.507537688442211,0.19081228192443717
lineart_004_020,combined_koma_direct_unet_200ep_20260801_ep160,0.5443264393515931,0.39207944484326396,0.45582628592298063,6.2729620933532715,0.07255208333333334,0.03882378472222222,0.5351160564728403,0.24898050337914993
lineart_004_020,combined_koma_direct_unet_200ep_20260801_ep180,0.5353982300884956,0.3114979660205791,0.3938510066518348,6.84912633895874,0.07255208333333334,0.03138888888888889,0.43263938741325675,0.1555947904582028
lineart_004_020,combined_koma_direct_unet_200ep_20260801_ep200,0.5375739644970414,0.28559463986599665,0.37301773167276625,7.0600714683532715,0.07255208333333334,0.029340277777777778,0.40440296721703756,0.12408846860147076
