sample,model,ink_pixels,orientation_entropy,long_line_ratio,component_count,mean_component_len,median_component_len,long_component_ratio,components_per_1k_ink_px
lineart_004_002,GT,12645,0.8082454554514469,0.5381573744563068,269,22.219330855018587,6.0,0.8428977748034131,21.273230525899564
lineart_004_002,direct_unet_ep060_raw,11724,0.8190950117148686,0.4207608324803821,174,9.781609195402298,3.0,0.6468860164512339,14.841351074718526
lineart_004_002,direct_unet_ep060_vector,11379,0.8132173172119351,0.4346603392213727,141,12.01418439716312,4.0,0.680047225501771,12.391247034010018
lineart_004_002,direct_unet_ep060_vector_nosimplify,11500,0.8130950811231866,0.3571304347826087,167,9.976047904191617,3.0,0.6518607442977191,14.521739130434783
lineart_004_002,direct_unet_ep060_vector_nodespeckle,11400,0.8133828252598875,0.4264912280701754,146,11.746575342465754,3.5,0.6717201166180758,12.807017543859649
lineart_004_003,GT,16373,0.7673708203555819,0.6905270872778355,299,22.013377926421406,4.0,0.8416894560923731,18.261772430220482
lineart_004_003,direct_unet_ep060_raw,14104,0.8067652857959334,0.4914917753828701,242,9.297520661157025,1.0,0.648,17.158252977878618
lineart_004_003,direct_unet_ep060_vector,13943,0.8002235921939541,0.489062612063401,199,11.180904522613066,3.0,0.7388764044943821,14.27239475005379
lineart_004_003,direct_unet_ep060_vector_nosimplify,14026,0.8004841354427742,0.49857407671467274,224,9.941964285714286,1.0,0.65828468792097,15.970340795665193
lineart_004_003,direct_unet_ep060_vector_nodespeckle,13978,0.8008968981223631,0.5245385605952211,214,10.542056074766355,2.0,0.7287234042553191,15.309772499642296
lineart_004_006,GT,12131,0.8123443941856915,0.5123237985326848,262,19.65648854961832,4.0,0.8209708737864078,21.597559970323964
lineart_004_006,direct_unet_ep060_raw,13152,0.8190914616871734,0.5633363746958637,221,9.131221719457013,3.0,0.5901883052527255,16.80352798053528
lineart_004_006,direct_unet_ep060_vector,12977,0.8103340230965638,0.5256222547584187,177,10.870056497175142,3.0,0.7011434511434511,13.639516066887571
lineart_004_006,direct_unet_ep060_vector_nosimplify,13018,0.8107901536820509,0.5000768167153172,203,9.689655172413794,3.0,0.5983731570920183,15.593793209402365
lineart_004_006,direct_unet_ep060_vector_nodespeckle,13020,0.8113633392347855,0.534715821812596,198,9.969696969696969,3.0,0.6722391084093212,15.207373271889402
lineart_004_008,GT,17738,0.6849679612811553,0.8726462960874958,165,21.454545454545453,3.0,0.8731638418079096,9.302063366783178
lineart_004_008,direct_unet_ep060_raw,10578,0.7764228152981995,0.48846662885233505,180,9.366666666666667,2.0,0.6725978647686833,17.016449234259785
lineart_004_008,direct_unet_ep060_vector,10507,0.7805129269365532,0.482059579328067,146,11.082191780821917,2.0,0.6983930778739185,13.895498239269058
lineart_004_008,direct_unet_ep060_vector_nosimplify,10547,0.7746511595849009,0.5210960462690812,173,9.468208092485549,2.0,0.6923076923076923,16.402768559780032
lineart_004_008,direct_unet_ep060_vector_nodespeckle,10520,0.7824963849778834,0.49752851711026613,152,10.901315789473685,2.5,0.6946288473144236,14.448669201520913
lineart_004_009,GT,18171,0.7428259288709029,0.7013923284354191,400,17.29,4.0,0.7880277617119722,22.013097793186944
lineart_004_009,direct_unet_ep060_raw,16097,0.7949801053414352,0.5082934708330745,244,9.844262295081966,3.0,0.6502914238134888,15.158103994533143
lineart_004_009,direct_unet_ep060_vector,15900,0.7815012258628912,0.5148427672955975,198,12.166666666666666,3.0,0.7227065172270651,12.452830188679245
lineart_004_009,direct_unet_ep060_vector_nosimplify,16009,0.7813992345266748,0.5297645074645512,230,10.269565217391305,3.0,0.663844199830652,14.36691860828284
lineart_004_009,direct_unet_ep060_vector_nodespeckle,15935,0.7824006781501545,0.5170379667398808,214,11.439252336448599,3.0,0.7111928104575164,13.42955757765924
lineart_004_010,GT,9335,0.7088926533328117,0.507980717728977,241,17.473029045643152,4.0,0.8145333649964379,25.816818425281202
lineart_004_010,direct_unet_ep060_raw,10997,0.815564173358552,0.23961080294625808,195,8.297435897435898,2.0,0.5618046971569839,17.73210875693371
lineart_004_010,direct_unet_ep060_vector,10841,0.8219818558579353,0.2441656673738585,154,10.422077922077921,2.0,0.6461059190031153,14.205331611474955
lineart_004_010,direct_unet_ep060_vector_nosimplify,10981,0.8168465968767729,0.2301247609507331,189,8.476190476190476,2.0,0.5674157303370787,17.211547217921865
lineart_004_010,direct_unet_ep060_vector_nodespeckle,10854,0.8218693103853276,0.263681592039801,160,10.1125,2.0,0.6409147095179234,14.741109268472453
lineart_004_013,GT,15295,0.7296113825356104,0.6294867603792089,395,15.00759493670886,3.0,0.7624831309041835,25.82543314808761
lineart_004_013,direct_unet_ep060_raw,16679,0.8024780037004539,0.5156184423526591,269,9.014869888475836,2.0,0.6296907216494846,16.128065231728524
lineart_004_013,direct_unet_ep060_vector,16600,0.8064588320538119,0.533012048192771,211,11.308056872037914,2.0,0.7267393126571668,12.710843373493976
lineart_004_013,direct_unet_ep060_vector_nosimplify,16602,0.8068426188316723,0.5010842067220816,264,9.068181818181818,2.0,0.6365914786967418,15.901698590531261
lineart_004_013,direct_unet_ep060_vector_nodespeckle,16613,0.8063601029052072,0.5368687172696082,216,11.106481481481481,2.0,0.7228011671529804,13.001866008547523
lineart_004_020,GT,12593,0.7131212160512787,0.7624870960057175,289,16.878892733564015,3.0,0.8116031160311603,22.94925752402128
lineart_004_020,direct_unet_ep060_raw,7505,0.7750615715704755,0.3764157228514324,130,11.538461538461538,4.0,0.7253333333333334,17.321785476349103
lineart_004_020,direct_unet_ep060_vector,7400,0.7826291752030232,0.40581081081081083,88,16.943181818181817,8.0,0.7813547954393025,11.891891891891891
lineart_004_020,direct_unet_ep060_vector_nosimplify,7421,0.7832077817439951,0.388222611507883,121,12.0,4.0,0.7327823691460055,16.305080177873602
lineart_004_020,direct_unet_ep060_vector_nodespeckle,7419,0.7829416735868961,0.44547782720043133,100,15.1,5.0,0.7715231788079471,13.478905512872355
