row,panel,box,labels,annotator,datetime,usage,order
124226,2977,1,not_face,user,2026-10-04T22:10:09+0900,train,0
165710,4669,1,not_face,user,2026-10-04T22:10:13+0900,test_series,1
173724,5114,1,face.eye.open,user,2026-10-04T22:10:26+0900,train,2
114819,2666,2,face.other,user,2026-10-04T22:11:27+0900,test_panel,3
68590,1337,2,face.mouth;face.other,user,2026-10-04T22:11:47+0900,train,4
54110,989,1,face.eye.open,user,2026-10-04T22:11:53+0900,train,5
116227,2711,1,face.other;not_face,user,2026-10-04T22:14:24+0900,test_panel,6
175915,5265,1,face.other;not_face,user,2026-10-04T22:15:09+0900,test_panel,7
68946,1345,3,face.eye.open;face.other,user,2026-10-04T22:15:17+0900,train,8
152665,4061,2,face.brow;not_face,user,2026-10-04T22:15:30+0900,train,9
61617,1165,1,face.other,user,2026-10-04T22:15:35+0900,train,10
115647,2693,1,face.eye.open,user,2026-10-04T22:15:39+0900,test_panel,11
89117,1876,1,face.other,user,2026-10-04T22:15:44+0900,train,12
85233,1771,2,face.eye.open;face.other,user,2026-10-04T22:15:52+0900,train,13
69727,1368,2,face.brow;face.other,user,2026-10-04T22:16:00+0900,test_panel,14
141373,3593,2,face.other,user,2026-10-04T22:16:06+0900,train,15
91673,1951,1,face.other,user,2026-10-04T22:16:11+0900,test_series,16
79764,1622,1,face.brow,user,2026-10-04T22:16:15+0900,test_panel,17
63169,1203,2,face.ear,user,2026-10-04T22:16:22+0900,train,18
22876,368,1,face.ear,user,2026-10-04T22:16:24+0900,train,19
135729,3379,1,face.brow;not_face,user,2026-10-04T22:16:30+0900,train,20
21104,339,4,face.other,user,2026-10-04T22:16:35+0900,train,21
101423,2238,2,face.other,user,2026-10-04T22:16:39+0900,train,22
113831,2633,1,face.eye.closed,user,2026-10-04T22:16:42+0900,train,23
58564,1090,1,face.eye.open;face.brow;face.other,user,2026-10-04T22:16:49+0900,train,24
59011,1100,1,face.other,user,2026-10-04T22:16:53+0900,train,25
4952,70,1,not_face,user,2026-10-04T22:16:59+0900,train,26
71571,1413,1,not_face,user,2026-10-04T22:17:04+0900,train,27
141684,3604,2,face.eye.open,user,2026-10-04T22:17:10+0900,train,28
27980,455,1,face.other,user,2026-10-04T22:17:15+0900,train,29
50907,913,1,face.brow;not_face,user,2026-10-04T22:17:22+0900,train,30
158897,4338,1,face.eye.open;face.other,user,2026-10-04T22:17:27+0900,train,31
165129,4639,1,not_face,user,2026-10-04T22:17:30+0900,test_panel,32
131663,3230,1,face.mouth,user,2026-10-04T22:17:33+0900,test_panel,33
132715,3267,1,face.brow;not_face,user,2026-10-04T22:17:38+0900,train,34
139757,3529,1,not_face,user,2026-10-04T22:17:45+0900,train,35
26178,422,1,face.eye.open,user,2026-10-04T22:17:48+0900,train,36
49561,883,2,not_face,user,2026-10-04T22:17:50+0900,test_panel,37
45600,794,1,face.eye.open,user,2026-10-04T22:17:54+0900,train,38
155656,4197,1,face.brow;face.other;not_face,user,2026-10-04T22:18:01+0900,train,39
36468,614,1,face.eye.open,user,2026-10-04T22:18:05+0900,train,40
45175,785,1,face.other;not_face,user,2026-10-04T22:18:10+0900,test_panel,41
11333,173,1,face.eye.closed,user,2026-10-04T22:18:13+0900,train,42
141719,3605,1,face.other,user,2026-10-04T22:18:18+0900,test_series,43
60010,1123,1,not_face,user,2026-10-04T22:18:22+0900,test_panel,44
19798,316,1,face.mouth;face.other,user,2026-10-04T22:18:28+0900,train,45
134354,3325,2,not_face,user,2026-10-04T22:18:34+0900,test_series,46
160443,4408,2,face.eye.open,user,2026-10-04T22:18:38+0900,train,47
29184,477,1,face.eye.open;face.other,user,2026-10-04T22:18:43+0900,train,48
111340,2550,1,face.other;not_face,user,2026-10-04T22:18:49+0900,train,49
30952,509,1,face.other,user,2026-10-04T22:18:54+0900,train,50
9223,138,1,face.nose,user,2026-10-04T22:18:57+0900,test_panel,51
88817,1868,1,face.eye.open;face.other,user,2026-10-04T22:19:04+0900,train,52
134701,3339,2,face.eye.open;not_face,user,2026-10-04T22:19:11+0900,train,53
77926,1574,2,face.other,user,2026-10-04T22:19:13+0900,train,54
99422,2178,1,face.eye.open,user,2026-10-04T22:19:15+0900,train,55
104190,2327,3,face.ear,user,2026-10-04T22:19:19+0900,train,56
125380,3016,1,face.nose,user,2026-10-04T22:19:23+0900,test_panel,57
170670,4934,1,face.other,user,2026-10-04T22:19:26+0900,test_panel,58
141699,3604,2,face.other,user,2026-10-04T22:19:33+0900,train,59
137063,3427,2,not_face,user,2026-10-04T22:19:37+0900,train,60
10115,153,1,not_face,user,2026-10-04T22:19:43+0900,train,61
66431,1283,1,face.mouth,user,2026-10-04T22:19:46+0900,train,62
32739,542,1,face.eye.open;face.other,user,2026-10-04T22:19:55+0900,train,63
63841,1221,1,face.brow;not_face,user,2026-10-04T22:20:05+0900,train,64
57684,1073,1,face.other;not_face,user,2026-10-04T22:20:14+0900,test_series,65
61858,1171,1,unsure,user,2026-10-04T22:20:22+0900,train,66
145759,3769,1,face.mouth,user,2026-10-04T22:20:25+0900,train,67
173446,5097,1,face.eye.open;face.other,user,2026-10-04T22:20:30+0900,train,68
93682,2010,1,face.brow,user,2026-10-04T22:20:32+0900,test_series,69
127986,3103,1,face.mouth,user,2026-10-04T22:20:51+0900,train,70
144468,3715,1,face.eye.open,user,2026-10-04T22:20:54+0900,train,71
94675,2040,2,face.brow,user,2026-10-04T22:20:58+0900,train,72
48799,867,1,face.other;not_face,user,2026-10-04T22:21:04+0900,train,73
127194,3075,1,face.other,user,2026-10-04T22:21:07+0900,test_panel,74
123786,2962,1,not_face,user,2026-10-04T22:21:12+0900,test_panel,75
48287,857,1,face.eye.open,user,2026-10-04T22:21:16+0900,test_panel,76
41104,706,2,face.eye.open;face.other,user,2026-10-04T22:21:21+0900,train,77
131048,3208,1,face.eye.open,user,2026-10-04T22:21:24+0900,train,78
114182,2644,2,face.eye.open,user,2026-10-04T22:21:28+0900,test_series,79
38297,651,1,not_face,user,2026-10-04T22:21:31+0900,train,80
115603,2692,1,face.eye.open;not_face,user,2026-10-04T22:21:36+0900,train,81
135450,3367,1,face.eye.open,user,2026-10-04T22:21:42+0900,train,82
111956,2571,1,face.eye.open;not_face,user,2026-10-04T22:21:49+0900,train,83
103586,2308,1,face.eye.open,user,2026-10-04T22:21:52+0900,train,84
152778,4066,1,face.nose;face.other,user,2026-10-04T22:21:59+0900,train,85
143615,3679,1,face.eye.open,user,2026-10-04T22:22:02+0900,train,86
43385,751,2,face.other,user,2026-10-04T22:22:05+0900,train,87
132062,3245,1,face.eye.open,user,2026-10-04T22:22:08+0900,test_series,88
41054,705,1,face.mouth,user,2026-10-04T22:22:12+0900,train,89
142341,3629,1,face.other,user,2026-10-04T22:22:15+0900,test_panel,90
51290,921,2,not_face,user,2026-10-04T22:22:19+0900,train,91
174313,5151,1,not_face,user,2026-10-04T22:22:21+0900,train,92
116725,2728,2,face.brow;not_face,user,2026-10-04T22:22:29+0900,train,93
79362,1611,1,face.brow;not_face,user,2026-10-04T22:22:33+0900,train,94
151901,4030,1,not_face,user,2026-10-04T22:22:37+0900,train,95
2326,29,2,unsure,user,2026-10-04T22:22:47+0900,test_panel,96
11048,168,1,not_face,user,2026-10-04T22:22:49+0900,train,97
77795,1570,1,face.eye.open,user,2026-10-04T22:22:52+0900,test_series,98
70943,1396,2,face.ear,user,2026-10-04T22:22:56+0900,test_series,99
164033,4582,1,face.other,user,2026-10-04T22:23:04+0900,train,100
69733,1368,1,face.eye.open,user,2026-10-04T22:23:11+0900,test_panel,101
50389,901,2,face.mouth,user,2026-10-04T22:23:15+0900,train,102
54590,1000,1,not_face,user,2026-10-04T22:23:18+0900,train,103
4035,55,1,face.nose;face.other,user,2026-10-04T22:23:25+0900,test_series,104
128607,3125,1,face.other,user,2026-10-04T22:23:29+0900,test_series,105
91227,1938,1,face.other,user,2026-10-04T22:23:31+0900,train,106
48900,869,2,face.brow;not_face,user,2026-10-04T22:23:36+0900,test_series,107
128871,3133,1,face.eye.open,user,2026-10-04T22:23:38+0900,test_panel,108
61045,1150,1,face.other,user,2026-10-04T22:23:40+0900,train,109
30196,494,1,not_face,user,2026-10-04T22:23:44+0900,test_panel,110
2127,27,1,face.ear,user,2026-10-04T22:23:50+0900,train,111
103510,2305,1,not_face,user,2026-10-04T22:23:53+0900,train,112
35289,589,1,face.nose,user,2026-10-04T22:23:57+0900,test_panel,113
1875,23,1,not_face,user,2026-10-04T22:24:00+0900,train,114
84049,1736,1,face.mouth,user,2026-10-04T22:24:03+0900,train,115
137078,3427,2,face.other,user,2026-10-04T22:24:05+0900,train,116
123767,2961,1,face.eye.open;face.other,user,2026-10-04T22:24:11+0900,train,117
39018,664,1,not_face,user,2026-10-04T22:24:13+0900,test_panel,118
174007,5131,1,face.eye.open;face.brow,user,2026-10-04T22:24:17+0900,train,119
157790,4289,1,face.eye.open;face.brow,user,2026-10-04T22:24:22+0900,test_series,120
161951,4482,1,face.other;not_face,user,2026-10-04T22:24:33+0900,train,121
116473,2720,1,face.other,user,2026-10-04T22:24:35+0900,train,122
115287,2681,1,face.other;not_face,user,2026-10-04T22:24:41+0900,test_panel,123
138223,3470,1,face.eye.open,user,2026-10-04T22:24:44+0900,train,124
104291,2330,2,face.mouth,user,2026-10-04T22:24:52+0900,train,125
4791,67,1,face.nose;face.mouth,user,2026-10-04T22:24:56+0900,train,126
106054,2386,1,face.mouth,user,2026-10-04T22:25:00+0900,train,127
164003,4581,1,face.other,user,2026-10-04T22:25:03+0900,train,128
107383,2430,1,face.eye.open,user,2026-10-04T22:25:05+0900,test_series,129
48218,856,1,face.brow,user,2026-10-04T22:25:07+0900,train,130
29967,490,1,face.other,user,2026-10-04T22:25:10+0900,train,131
162667,4515,1,face.other;not_face,user,2026-10-04T22:25:15+0900,train,132
82858,1704,1,face.eye.open,user,2026-10-04T22:25:18+0900,test_series,133
100630,2212,1,face.other;not_face,user,2026-10-04T22:25:22+0900,train,134
166114,4687,1,face.mouth,user,2026-10-04T22:25:25+0900,train,135
8783,131,2,face.eye.open;face.other,user,2026-10-04T22:25:29+0900,train,136
86533,1809,1,face.eye.open;face.other,user,2026-10-04T22:25:34+0900,test_panel,137
142818,3649,1,not_face,user,2026-10-04T22:25:38+0900,test_panel,138
101958,2253,1,face.brow;not_face,user,2026-10-04T22:25:47+0900,test_series,139
86190,1799,1,face.eye.open,user,2026-10-04T22:25:51+0900,test_series,140
90818,1925,1,face.eye.open,user,2026-10-04T22:25:53+0900,test_series,141
129561,3157,2,not_face,user,2026-10-04T22:25:55+0900,train,142
141376,3593,2,face.other,user,2026-10-04T22:25:58+0900,train,143
112918,2603,1,face.other,user,2026-10-04T22:26:03+0900,train,144
147199,3830,1,face.other,user,2026-10-04T22:26:12+0900,train,145
42161,726,2,face.mouth;face.other,user,2026-10-04T22:26:17+0900,train,146
48593,863,1,face.mouth,user,2026-10-04T22:26:19+0900,test_series,147
106673,2407,1,not_face,user,2026-10-04T22:26:22+0900,train,148
92214,1967,1,not_face,user,2026-10-04T22:26:25+0900,train,149
115983,2704,1,face.eye.open,user,2026-10-04T22:26:28+0900,train,150
90974,1930,1,face.ear;not_face,user,2026-10-04T22:26:32+0900,test_series,151
124785,2997,1,face.other,user,2026-10-04T22:26:34+0900,train,152
162679,4516,1,face.brow;not_face,user,2026-10-04T22:26:37+0900,train,153
154112,4125,2,face.other;not_face,user,2026-10-04T22:26:41+0900,test_series,154
151445,4010,1,not_face,user,2026-10-04T22:26:43+0900,test_series,155
164114,4586,1,face.other,user,2026-10-04T22:26:47+0900,test_series,156
175470,5231,1,face.brow;not_face,user,2026-10-04T22:26:52+0900,train,157
53571,976,1,face.mouth,user,2026-10-04T22:26:56+0900,train,158
33257,552,2,face.mouth,user,2026-10-04T22:26:58+0900,train,159
28515,465,2,face.ear,user,2026-10-04T22:27:03+0900,train,160
65518,1262,1,not_face,user,2026-10-04T22:27:07+0900,test_panel,161
37074,626,1,face.other,user,2026-10-04T22:27:10+0900,train,162
136740,3416,1,not_face,user,2026-10-04T22:27:13+0900,test_panel,163
64445,1236,1,face.brow;not_face,user,2026-10-04T22:27:17+0900,train,164
126098,3040,1,face.other;not_face,user,2026-10-04T22:27:20+0900,train,165
161442,4458,1,face.eye.open,user,2026-10-04T22:27:22+0900,test_series,166
139405,3516,1,face.nose,user,2026-10-04T22:27:25+0900,test_panel,167
165922,4680,1,face.eye.open;face.other,user,2026-10-04T22:27:31+0900,train,168
153406,4094,1,face.eye.closed,user,2026-10-04T22:27:35+0900,test_panel,169
152770,4066,1,face.other,user,2026-10-04T22:27:38+0900,train,170
134808,3342,2,not_face,user,2026-10-04T22:27:41+0900,test_series,171
169113,4846,1,face.other,user,2026-10-04T22:27:43+0900,train,172
86695,1813,1,not_face,user,2026-10-04T22:27:45+0900,test_series,173
161991,4484,1,face.eye.open,user,2026-10-04T22:27:47+0900,train,174
123387,2948,1,face.mouth,user,2026-10-04T22:27:50+0900,train,175
111851,2566,1,face.eye.open,user,2026-10-04T22:27:52+0900,train,176
22779,366,1,face.other,user,2026-10-04T22:27:56+0900,train,177
82659,1699,1,face.eye.open,user,2026-10-04T22:27:59+0900,test_series,178
94744,2042,1,face.nose,user,2026-10-04T22:28:01+0900,test_panel,179
169599,4873,2,face.other,user,2026-10-04T22:28:04+0900,train,180
125272,3013,2,face.other,user,2026-10-04T22:28:06+0900,train,181
155430,4185,1,not_face,user,2026-10-04T22:28:08+0900,train,182
62629,1190,1,not_face,user,2026-10-04T22:28:10+0900,test_series,183
165045,4635,2,not_face,user,2026-10-04T22:28:12+0900,train,184
171258,4963,1,face.mouth;face.other,user,2026-10-04T22:28:20+0900,train,185
170933,4947,2,face.eye.open,user,2026-10-04T22:28:22+0900,train,186
102313,2265,1,face.eye.open;face.brow;not_face,user,2026-10-04T22:28:28+0900,train,187
145470,3757,1,face.other,user,2026-10-04T22:28:30+0900,train,188
94051,2020,2,not_face,user,2026-10-04T22:28:32+0900,train,189
113616,2626,1,not_face,user,2026-10-04T22:28:33+0900,train,190
10172,154,2,face.other,user,2026-10-04T22:28:38+0900,test_panel,191
78787,1595,1,not_face,user,2026-10-04T22:28:40+0900,train,192
86361,1804,1,not_face,user,2026-10-04T22:28:42+0900,train,193
48424,859,1,face.other,user,2026-10-04T22:28:44+0900,train,194
78135,1580,1,face.eye.open;face.other,user,2026-10-04T22:28:49+0900,train,195
37440,634,1,face.brow;not_face,user,2026-10-04T22:28:56+0900,train,196
65442,1260,1,face.nose;face.mouth,user,2026-10-04T22:29:00+0900,train,197
23125,372,1,face.eye.closed;face.other,user,2026-10-04T22:29:05+0900,train,198
46548,816,1,not_face,user,2026-10-04T22:29:08+0900,train,199
6781,100,1,face.eye.open;face.brow;face.nose;face.mouth,user,2026-10-04T22:29:13+0900,train,200
75431,1509,2,face.eye.open;face.brow,user,2026-10-04T22:29:20+0900,train,201
166,1,2,not_face,user,2026-10-04T22:29:23+0900,train,202
118956,2800,1,face.eye.open,user,2026-10-04T22:29:26+0900,test_panel,203
113611,2626,1,face.mouth,user,2026-10-04T22:29:29+0900,train,204
43992,762,1,face.brow,user,2026-10-04T22:29:31+0900,train,205
120486,2852,1,face.eye.open;not_face,user,2026-10-04T22:29:36+0900,test_series,206
80150,1632,1,face.eye.open;face.brow,user,2026-10-04T22:29:41+0900,test_panel,207
131014,3206,1,face.nose;face.mouth,user,2026-10-04T22:29:43+0900,train,208
25781,416,1,face.mouth,user,2026-10-04T22:29:46+0900,test_panel,209
121054,2871,1,face.other,user,2026-10-04T22:29:50+0900,test_panel,210
108403,2462,1,face.mouth,user,2026-10-04T22:29:52+0900,test_panel,211
155708,4199,1,face.other;not_face,user,2026-10-04T22:30:01+0900,train,212
154108,4125,3,face.mouth,user,2026-10-04T22:30:03+0900,test_series,213
32819,544,1,not_face,user,2026-10-04T22:30:06+0900,train,214
142233,3625,1,face.nose,user,2026-10-04T22:30:09+0900,train,215
50415,902,1,face.mouth,user,2026-10-04T22:30:11+0900,test_panel,216
95139,2053,1,face.eye.open,user,2026-10-04T22:30:14+0900,train,217
104402,2333,2,face.brow;not_face,user,2026-10-04T22:30:19+0900,train,218
151450,4010,1,face.other,user,2026-10-04T22:30:23+0900,test_series,219
146734,3810,1,face.eye.open,user,2026-10-04T22:30:25+0900,train,220
157958,4297,1,face.eye.open;face.brow,user,2026-10-04T22:30:29+0900,train,221
87381,1830,1,face.other,user,2026-10-04T22:30:31+0900,train,222
35959,603,1,face.eye.open;not_face,user,2026-10-04T22:30:37+0900,train,223
163926,4578,1,face.eye.open,user,2026-10-04T22:30:40+0900,test_panel,224
151489,4012,1,face.other,user,2026-10-04T22:30:44+0900,train,225
90815,1925,1,face.other,user,2026-10-04T22:30:46+0900,test_series,226
139976,3537,1,face.brow,user,2026-10-04T22:30:50+0900,test_panel,227
95295,2057,1,face.nose,user,2026-10-04T22:30:53+0900,test_panel,228
158894,4338,1,face.eye.open;face.brow,user,2026-10-04T22:30:57+0900,train,229
113083,2609,1,face.ear;not_face,user,2026-10-04T22:31:01+0900,train,230
118136,2774,1,face.eye.open;face.brow;face.other,user,2026-10-04T22:31:06+0900,test_series,231
101163,2227,2,face.other,user,2026-10-04T22:31:10+0900,test_panel,232
91533,1947,1,face.other,user,2026-10-04T22:31:12+0900,test_series,233
32820,544,1,not_face,user,2026-10-04T22:31:14+0900,train,234
150715,3977,1,face.nose;face.mouth,user,2026-10-04T22:31:18+0900,train,235
129224,3146,1,face.nose;face.other,user,2026-10-04T22:31:23+0900,test_series,236
50644,907,2,face.eye.open,user,2026-10-04T22:31:25+0900,train,237
155220,4175,1,face.eye.open,user,2026-10-04T22:31:28+0900,test_series,238
109530,2495,1,not_face,user,2026-10-04T22:31:29+0900,train,239
78669,1592,1,not_face,user,2026-10-04T22:31:37+0900,train,240
146406,3796,1,face.eye.open,user,2026-10-04T22:31:40+0900,train,241
144905,3731,1,face.other;not_face,user,2026-10-04T22:31:46+0900,test_panel,242
67859,1318,1,face.other;not_face,user,2026-10-04T22:31:50+0900,train,243
174804,5183,1,face.brow;face.other;not_face,user,2026-10-04T22:31:57+0900,train,244
176535,5313,1,face.eye.open;face.brow,user,2026-10-04T22:32:03+0900,train,245
94653,2039,1,not_face,user,2026-10-04T22:32:05+0900,test_panel,246
72729,1438,2,face.eye.open;face.brow,user,2026-10-04T22:32:09+0900,train,247
112301,2584,1,face.eye.open;face.other,user,2026-10-04T22:32:13+0900,train,248
130878,3203,3,face.brow;face.other,user,2026-10-04T22:32:19+0900,test_panel,249
48096,853,1,face.nose;face.mouth,user,2026-10-04T22:32:28+0900,train,250
87413,1831,1,face.other;not_face,user,2026-10-04T22:32:32+0900,train,251
126286,3046,1,unsure,user,2026-10-04T22:32:37+0900,test_series,252
101763,2248,2,face.eye.open;face.brow,user,2026-10-04T22:32:45+0900,train,253
97614,2129,1,face.mouth,user,2026-10-04T22:32:47+0900,train,254
17466,273,1,face.other;not_face,user,2026-10-04T22:32:52+0900,train,255
36742,619,1,not_face,user,2026-10-04T22:32:55+0900,train,256
65237,1256,2,face.eye.open,user,2026-10-04T22:32:56+0900,test_panel,257
64843,1246,1,face.brow,user,2026-10-04T22:32:58+0900,test_panel,258
138310,3474,1,face.eye.open;face.other,user,2026-10-04T22:33:03+0900,train,259
120494,2852,1,face.eye.open;not_face,user,2026-10-04T22:33:07+0900,test_series,260
134107,3315,1,face.other;not_face,user,2026-10-04T22:33:13+0900,test_series,261
79708,1621,1,face.brow;not_face,user,2026-10-04T22:33:18+0900,test_series,262
158347,4314,1,not_face,user,2026-10-04T22:33:20+0900,train,263
102034,2256,1,face.other;not_face,user,2026-10-04T22:33:24+0900,train,264
169073,4844,1,face.brow;not_face,user,2026-10-04T22:33:28+0900,train,265
14700,225,1,not_face,user,2026-10-04T22:33:31+0900,test_panel,266
115913,2701,1,face.ear,user,2026-10-04T22:33:34+0900,test_series,267
94674,2040,2,face.ear,user,2026-10-04T22:33:37+0900,train,268
39362,670,1,face.other;not_face,user,2026-10-04T22:33:41+0900,train,269
89557,1887,1,face.eye.open,user,2026-10-04T22:33:43+0900,train,270
60661,1140,1,face.eye.open,user,2026-10-04T22:33:45+0900,test_panel,271
146804,3813,1,face.eye.open,user,2026-10-04T22:33:47+0900,train,272
147747,3852,1,face.nose;face.mouth,user,2026-10-04T22:33:53+0900,test_panel,273
139594,3523,1,not_face,user,2026-10-04T22:33:56+0900,train,274
5482,79,1,face.eye.open,user,2026-10-04T22:33:58+0900,train,275
25326,409,1,face.eye.open;face.brow;not_face,user,2026-10-04T22:34:08+0900,test_series,276
24891,403,1,face.eye.closed;face.nose;face.other,user,2026-10-04T22:34:16+0900,train,277
37558,636,1,face.eye.open,user,2026-10-04T22:34:18+0900,train,278
92425,1973,2,face.nose,user,2026-10-04T22:34:21+0900,test_panel,279
36409,612,1,not_face,user,2026-10-04T22:34:24+0900,test_panel,280
32194,532,1,face.eye.open;face.brow,user,2026-10-04T22:34:28+0900,train,281
156820,4244,1,face.other,user,2026-10-04T22:34:31+0900,test_panel,282
118961,2800,1,face.mouth,user,2026-10-04T22:34:33+0900,test_panel,283
87402,1831,1,face.eye.open;not_face,user,2026-10-04T22:34:38+0900,train,284
115322,2682,1,face.nose,user,2026-10-04T22:34:42+0900,train,285
143900,3691,1,face.ear,user,2026-10-04T22:34:46+0900,train,286
7181,107,2,face.eye.open;face.brow,user,2026-10-04T22:34:51+0900,test_panel,287
17209,268,1,not_face,user,2026-10-04T22:34:53+0900,train,288
24374,394,1,not_face,user,2026-10-04T22:34:55+0900,test_series,289
68805,1342,2,face.other,user,2026-10-04T22:34:58+0900,train,290
142004,3616,1,face.eye.open,user,2026-10-04T22:35:00+0900,train,291
33459,556,1,face.brow;not_face,user,2026-10-04T22:35:05+0900,train,292
130938,3204,1,face.other;not_face,user,2026-10-04T22:35:12+0900,train,293
47223,831,2,face.mouth,user,2026-10-04T22:35:14+0900,train,294
26586,428,1,face.nose;face.other,user,2026-10-04T22:35:18+0900,test_panel,295
34924,583,1,face.eye.open,user,2026-10-04T22:35:20+0900,test_series,296
100587,2211,2,face.brow,user,2026-10-04T22:35:23+0900,test_series,297
79845,1624,1,face.other,user,2026-10-04T22:35:25+0900,train,298
37866,643,1,face.nose;face.mouth,user,2026-10-04T22:35:28+0900,train,299
96523,2096,1,face.other;not_face,user,2026-10-04T22:35:33+0900,test_panel,300
108,1,1,face.brow;face.other;not_face,user,2026-10-04T22:35:39+0900,train,301
96364,2092,2,face.ear;not_face,user,2026-10-04T22:35:43+0900,train,302
96037,2083,1,face.eye.open;not_face,user,2026-10-04T22:35:48+0900,test_panel,303
96056,2083,1,not_face,user,2026-10-04T22:35:51+0900,test_panel,304
17564,275,2,not_face,user,2026-10-04T22:35:55+0900,train,305
94461,2033,2,face.nose,user,2026-10-04T22:35:57+0900,train,306
162381,4502,1,not_face,user,2026-10-04T22:35:59+0900,train,307
81842,1676,1,face.nose,user,2026-10-04T22:36:02+0900,test_panel,308
161468,4459,1,face.nose;face.mouth,user,2026-10-04T22:36:05+0900,train,309
98113,2143,1,not_face,user,2026-10-04T22:36:07+0900,train,310
109650,2499,1,face.other,user,2026-10-04T22:36:11+0900,train,311
173870,5123,1,face.eye.open,user,2026-10-04T22:36:13+0900,train,312
148925,3898,1,face.ear;not_face,user,2026-10-04T22:36:18+0900,train,313
152752,4065,1,face.brow,user,2026-10-04T22:36:21+0900,train,314
112529,2591,1,face.brow;face.other,user,2026-10-04T22:36:29+0900,train,315
107465,2433,1,face.brow,user,2026-10-04T22:36:31+0900,test_panel,316
29968,490,2,face.other,user,2026-10-04T22:36:35+0900,train,317
169218,4852,1,face.ear,user,2026-10-04T22:36:38+0900,test_series,318
34637,577,1,face.nose;face.mouth,user,2026-10-04T22:36:42+0900,test_series,319
144641,3721,1,not_face,user,2026-10-04T22:36:44+0900,train,320
104992,2351,1,face.brow;not_face,user,2026-10-04T22:36:49+0900,test_panel,321
29622,483,2,face.nose,user,2026-10-04T22:36:51+0900,train,322
67501,1308,1,face.nose,user,2026-10-04T22:36:53+0900,test_panel,323
36522,615,2,face.mouth,user,2026-10-04T22:36:55+0900,train,324
114384,2651,1,face.brow,user,2026-10-04T22:36:57+0900,train,325
71032,1398,1,not_face,user,2026-10-04T22:37:00+0900,test_series,326
63757,1218,2,face.mouth,user,2026-10-04T22:37:02+0900,train,327
163265,4544,1,face.other;not_face,user,2026-10-04T22:37:06+0900,test_panel,328
24724,401,1,face.other,user,2026-10-04T22:37:08+0900,train,329
40866,702,1,not_face,user,2026-10-04T22:37:09+0900,test_series,330
139288,3512,1,face.mouth,user,2026-10-04T22:37:12+0900,train,331
175634,5243,1,face.nose,user,2026-10-04T22:37:15+0900,test_panel,332
130312,3182,1,face.mouth,user,2026-10-04T22:37:17+0900,train,333
41615,715,1,face.eye.open;face.other,user,2026-10-04T22:37:30+0900,test_panel,334
118168,2775,1,face.other,user,2026-10-04T22:37:32+0900,train,335
160825,4426,1,face.other;not_face,user,2026-10-04T22:37:36+0900,test_panel,336
52156,940,1,not_face,user,2026-10-04T22:37:38+0900,train,337
169199,4851,1,face.eye.closed,user,2026-10-04T22:37:41+0900,test_panel,338
60978,1149,2,face.ear;not_face,user,2026-10-04T22:37:48+0900,train,339
110696,2530,2,face.eye.open;face.brow;face.ear,user,2026-10-04T22:37:56+0900,train,340
119584,2821,1,face.eye.open,user,2026-10-04T22:37:58+0900,train,341
168227,4801,1,face.ear,user,2026-10-04T22:38:01+0900,train,342
44702,776,1,face.other,user,2026-10-04T22:38:04+0900,test_panel,343
