rank,sketch_page,line_page,model_index,region_index,score,edge_f1,edge_precision,edge_recall,chamfer,inlier_count,match_count,coverage,orientation_entropy,area_ratio,scale,angle,bbox,bbox_full,full_matrix,decision,notes
1,page0018,page0018,1,16,6.233926313833417,0.9011086274771046,0.8813786298280237,0.9217421785995968,1.758687631562367,27,157,0.6875,0.8112577019241795,0.2862190812720848,1.057669521711117,0.36854530970784743,"(60, 0, 420, 360)","(526, 0, 3683, 3157)","[[1.0576476413236267, -0.006803231525691531, -501.8092451128751], [0.006803231525691531, 1.0576476413236267, -718.6199260909447]]",,
2,page0018,page0018,1,23,6.132773043206202,0.9130528161773787,0.8812571970466707,0.9472286757384667,1.5766326235865364,24,157,0.5625,0.8160254850655404,0.2862190812720848,1.057669521711117,0.36854530970784743,"(60, 180, 420, 540)","(526, 1579, 3683, 4736)","[[1.0576476413236267, -0.006803231525691531, -501.8092451128751], [0.006803231525691531, 1.0576476413236267, -718.6199260909447]]",,
3,page0012,page0012,1,10,6.063478878338192,0.9054279229222582,0.8437116773402371,0.9768856447688564,1.5614642676597013,18,170,0.5625,0.8144367996985868,0.127208480565371,1.0408466776465573,0.31616968767399506,"(120, 120, 360, 360)","(1052, 1052, 3157, 3157)","[[1.0408308305078882, -0.005743573115763237, -54.08354490532364], [0.005743573115763237, 1.0408308305078882, -483.83462476525403]]",,
4,page0038,page0038,1,7,6.006898993731954,0.9338858223082428,0.9176535899333826,0.9507026544724515,1.4667327946385362,14,159,0.4375,0.8120005212327285,0.127208480565371,1.082372017345384,-0.12061543017813008,"(200, 120, 440, 360)","(1754, 1052, 3859, 3157)","[[1.0823696190267862, 0.002278539033233993, -243.8102287079996], [-0.002278539033233993, 1.0823696190267862, -262.14778631694486]]",,
5,page0011,page0011,1,32,6.001782141534989,0.8789019369382902,0.8695106649937264,0.8884982873625383,2.0743339724725534,18,150,0.6875,0.7969457172975949,0.2862190812720848,1.0822095466093877,-0.518844659711386,"(60, 60, 420, 420)","(526, 526, 3683, 3683)","[[1.082165174728905, 0.00979986614476615, -590.9240367507464], [-0.00979986614476615, 1.082165174728905, -637.4610679935555]]",,
6,page0016,page0016,1,22,5.933503435514612,0.8947686275706406,0.8395698924731183,0.9577363896848138,1.7814324518790854,14,176,0.5625,0.8090384548812012,0.2862190812720848,1.0807965500651378,0.07414965356949786,"(60, 60, 420, 420)","(526, 526, 3683, 3683)","[[1.0807956449853189, -0.0013987185108056172, -431.7749119682051], [0.0013987185108056172, 1.0807956449853189, -750.7655222823277]]",,
7,page0018,page0018,1,29,5.853440620878745,0.8973940894627581,0.8450123660346249,0.9566992014196983,1.8638874914230632,16,157,0.5,0.8115775882035262,0.2862190812720848,1.057669521711117,0.36854530970784743,"(0, 300, 360, 660)","(0, 2631, 3157, 5788)","[[1.0576476413236267, -0.006803231525691531, -501.8092451128751], [0.006803231525691531, 1.0576476413236267, -718.6199260909447]]",,
8,page0008,page0008,1,19,5.724889563441003,0.8654761820435539,0.7910145111209682,0.9554134470201616,2.0983352785402625,15,132,0.5625,0.8008938278281402,0.2862190812720848,0.8934630795962241,0.03202934186332586,"(60, 60, 420, 420)","(526, 526, 3683, 3683)","[[0.8934629399923826, -0.0004994614467482756, -293.8984357215417], [0.0004994614467482756, 0.8934629399923826, -439.3609997988755]]",,
9,page0036,page0036,1,3,5.713012714112921,0.9035940229588103,0.8434656468416194,0.972953216374269,1.8297432449936726,10,156,0.4375,0.7712422694772496,0.127208480565371,1.074794756805933,-0.3617605616274192,"(40, 40, 280, 280)","(351, 351, 2456, 2456)","[[1.0747733332639784, 0.00678611539557788, 63.464701426215704], [-0.00678611539557788, 1.0747733332639784, 125.05543684153032]]",,
10,page0027,page0027,1,5,5.6979429613541415,0.8963060247512877,0.874954219641082,0.9187260076775432,1.862654149345849,10,123,0.4375,0.8061827934138357,0.2862190812720848,0.8759119420340279,0.16241970630291017,"(0, 180, 360, 540)","(0, 1579, 3157, 4736)","[[0.8759084226850149, -0.0024829956245317, -172.30843712361718], [0.0024829956245317, 0.8759084226850149, -208.03754216670305]]",,
11,page0011,page0011,1,21,5.650327630387615,0.8535352967577295,0.7964270152505447,0.9194661757938334,2.5474388869529645,15,150,0.625,0.7774103466509817,0.2862190812720848,1.0822095466093877,-0.518844659711386,"(206, 60, 566, 420)","(1807, 526, 4964, 3683)","[[1.082165174728905, 0.00979986614476615, -590.9240367507464], [-0.00979986614476615, 1.082165174728905, -637.4610679935555]]",,
12,page0020,page0020,1,7,5.641062621287496,0.9086698958546782,0.8658870365762628,0.9559002433090025,1.8203650355562293,7,126,0.375,0.812191455154714,0.127208480565371,1.0720318569704652,-0.27484929933865226,"(0, 120, 240, 360)","(0, 1052, 2105, 3157)","[[1.0720195224898639, 0.00514254413185506, -204.50273902543603], [-0.00514254413185506, 1.0720195224898639, -239.6250182845301]]",,
13,page0036,page0036,1,7,5.5721892153299075,0.885258336919348,0.8346223465525753,0.9424352664241387,1.9951585590999397,9,156,0.4375,0.765461289242337,0.127208480565371,1.074794756805933,-0.3617605616274192,"(0, 120, 240, 360)","(0, 1052, 2105, 3157)","[[1.0747733332639784, 0.00678611539557788, 63.464701426215704], [-0.00678611539557788, 1.0747733332639784, 125.05543684153032]]",,
14,page0012,page0012,1,8,5.569205352127592,0.8881658705119243,0.8310344827586207,0.9537324111614596,1.9310497755847078,12,170,0.375,0.8053650397369094,0.127208480565371,1.0408466776465573,0.31616968767399506,"(0, 120, 240, 360)","(0, 1052, 2105, 3157)","[[1.0408308305078882, -0.005743573115763237, -54.08354490532364], [0.005743573115763237, 1.0408308305078882, -483.83462476525403]]",,
15,page0001,page0001,1,4,5.535382212175649,0.8946573695734492,0.8513318191203799,0.942629179331307,1.757328710067493,11,101,0.3125,0.8082778854341761,0.127208480565371,0.86187513213317,0.24308133948258762,"(120, 440, 360, 680)","(1052, 3859, 3157, 5964)","[[0.8618673755280983, -0.003656554372248884, 102.11283375495096], [0.003656554372248884, 0.8618673755280983, 255.8267056119249]]",,
16,page0018,page0018,1,18,5.532110991896032,0.8591924807983269,0.817643525272462,0.9051901614476108,2.3011890481295456,11,157,0.5,0.8102469994446838,0.2862190812720848,1.057669521711117,0.36854530970784743,"(180, 300, 540, 660)","(1579, 2631, 4736, 5788)","[[1.0576476413236267, -0.006803231525691531, -501.8092451128751], [0.006803231525691531, 1.0576476413236267, -718.6199260909447]]",,
17,page0060,page0060,1,6,5.500081813833473,0.8933347744968726,0.8677196446199408,0.9205082260954552,1.7743362119315742,9,129,0.3125,0.8040187157201748,0.127208480565371,0.913470172697163,0.09779055014666496,"(40, 200, 280, 440)","(351, 1754, 2456, 3859)","[[0.9134688422035814, -0.001559080059995069, -173.8356886294823], [0.001559080059995069, 0.9134688422035814, -285.59215853352595]]",,
18,page0038,page0038,1,1,5.4746592007780785,0.8701946675591253,0.8040398740818469,0.9482116244411326,1.9980241818423488,12,159,0.375,0.8162459705694213,0.127208480565371,1.082372017345384,-0.12061543017813008,"(120, 200, 360, 440)","(1052, 1754, 3157, 3859)","[[1.0823696190267862, 0.002278539033233993, -243.8102287079996], [-0.002278539033233993, 1.0823696190267862, -262.14778631694486]]",,
19,page0038,page0038,1,3,5.456498545521225,0.874442203963984,0.8229233741146169,0.9328424810352521,1.9819097453941794,8,159,0.375,0.8181281568747435,0.127208480565371,1.082372017345384,-0.12061543017813008,"(200, 280, 440, 520)","(1754, 2456, 3859, 4560)","[[1.0823696190267862, 0.002278539033233993, -243.8102287079996], [-0.002278539033233993, 1.0823696190267862, -262.14778631694486]]",,
20,page0018,page0018,1,30,5.438287589887084,0.8673343978035223,0.8197152444001088,0.920827389443652,2.144139829445386,13,157,0.375,0.8140708590058969,0.2862190812720848,1.057669521711117,0.36854530970784743,"(60, 420, 420, 780)","(526, 3683, 3683, 6841)","[[1.0576476413236267, -0.006803231525691531, -501.8092451128751], [0.006803231525691531, 1.0576476413236267, -718.6199260909447]]",,
21,page0021,page0021,1,3,5.4151400026440735,0.872679421947482,0.7915224005875564,0.9723803146970205,1.8457883749884343,11,83,0.3125,0.8174522124122368,0.127208480565371,1.0779940492914537,0.011694362000029162,"(200, 440, 440, 680)","(1754, 3859, 3859, 5964)","[[1.0779940268374304, -0.00022002410414687912, -217.17909046115017], [0.00022002410414687912, 1.0779940268374304, -263.8692674513168]]",,
22,page0040,page0040,1,4,5.386357036761608,0.8421215401059045,0.7957754697164197,0.8941998602375961,2.259392637892703,14,138,0.4375,0.8080147995979527,0.127208480565371,0.8515231890678843,-1.2070168553220237,"(120, 360, 360, 600)","(1052, 3157, 3157, 5262)","[[0.8513342456239907, 0.017937216845720652, 313.2844576642019], [-0.017937216845720652, 0.8513342456239907, 695.8199299498654]]",,
23,page0057,page0057,1,5,5.382171679108005,0.8811386308631507,0.8661749209694415,0.8966284442923156,1.9245917167409,7,127,0.3125,0.8038923539235643,0.127208480565371,1.0787165892256607,0.18488867008741752,"(200, 200, 440, 440)","(1754, 1754, 3859, 3859)","[[1.0787109728995452, -0.003480921826114959, 79.46884606722882], [0.003480921826114959, 1.0787109728995452, 73.74568499596856]]",,
24,page0037,page0037,1,2,5.381173829161223,0.866986477274196,0.8190820496699152,0.9208424110384895,2.0991482391608276,9,113,0.375,0.7840760993289045,0.127208480565371,0.8779403298462127,-1.4238429164692188,"(40, 440, 280, 680)","(351, 3859, 2456, 5964)","[[0.877669253547716, 0.021815227421962943, -297.35449778039987], [-0.021815227421962943, 0.877669253547716, -123.71687060888097]]",,
25,page0033,page0033,1,12,5.374739131042966,0.8452523370708779,0.7989097516656571,0.89730241362991,2.3522918180134464,31,125,0.375,0.8006843761941229,0.2862190812720848,0.8510852355175391,0.19039854836239956,"(60, 60, 420, 420)","(526, 526, 3683, 3683)","[[0.8510805363096076, -0.002828220446801171, -153.3812222607814], [0.002828220446801171, 0.8510805363096076, -241.60011565789554]]",,
26,page0038,page0038,1,8,5.329985107108347,0.8817960926729509,0.8514056224899599,0.9144364133619848,1.8016295584469444,7,159,0.25,0.8209969630392507,0.127208480565371,1.082372017345384,-0.12061543017813008,"(280, 360, 520, 600)","(2456, 3157, 4560, 5262)","[[1.0823696190267862, 0.002278539033233993, -243.8102287079996], [-0.002278539033233993, 1.0823696190267862, -262.14778631694486]]",,
27,page0016,page0016,1,17,5.3200269522145955,0.8521070526395154,0.7634345794392523,0.9640849469081824,2.6784698261960695,12,176,0.4375,0.7889271642010611,0.2862190812720848,1.0807965500651378,0.07414965356949786,"(206, 60, 566, 420)","(1807, 526, 4964, 3683)","[[1.0807956449853189, -0.0013987185108056172, -431.7749119682051], [0.0013987185108056172, 1.0807956449853189, -750.7655222823277]]",,
28,page0011,page0011,1,26,5.316043392000333,0.8235406819609019,0.7481821390751853,0.9157800536939446,2.5131089212968964,12,150,0.5,0.8039598044497732,0.2862190812720848,1.0822095466093877,-0.518844659711386,"(180, 180, 540, 540)","(1579, 1579, 4736, 4736)","[[1.082165174728905, 0.00979986614476615, -590.9240367507464], [-0.00979986614476615, 1.082165174728905, -637.4610679935555]]",,
29,page0040,page0040,2,4,5.3144373505266715,0.8793634371643395,0.8444092827004219,0.9173363949483353,1.9955637591739617,5,138,0.3125,0.7912147252904986,0.127208480565371,0.8668395422097733,-0.09630055166528328,"(40, 0, 280, 240)","(351, 0, 2456, 2105)","[[0.8668383178165946, 0.0014569500149268868, 409.107073120082], [-0.0014569500149268868, 0.8668383178165946, 365.8825624386838]]",,
30,page0040,page0040,2,7,5.2987385924617305,0.8873408154913401,0.8431703204047217,0.9363949978438982,1.8730744758981823,5,138,0.25,0.8082978423466248,0.127208480565371,0.8668395422097733,-0.09630055166528328,"(120, 40, 360, 280)","(1052, 351, 3157, 2456)","[[0.8668383178165946, 0.0014569500149268868, 409.107073120082], [-0.0014569500149268868, 0.8668383178165946, 365.8825624386838]]",,
31,page0026,page0026,1,3,5.293630352459875,0.8983752218344216,0.8533791523482245,0.9483804170980624,1.7917118240696732,6,121,0.1875,0.8066717377688299,0.127208480565371,0.8850409853047446,0.17177776464661684,"(200, 200, 440, 440)","(1754, 1754, 3859, 3859)","[[0.8850370076993958, -0.002653426406159438, 328.26389682608004], [0.002653426406159438, 0.8850370076993958, 471.172925177807]]",,
32,page0013,page0013,1,2,5.292288983646856,0.8260275494231215,0.721122599704579,0.9666505558240696,3.1318249160579903,12,133,0.5625,0.7962153710593264,0.127208480565371,1.0754914349469247,-0.03060426632234493,"(40, 40, 280, 280)","(351, 351, 2456, 2456)","[[1.0754912815221018, 0.0005744685737253965, -303.1744698230185], [-0.0005744685737253965, 1.0754912815221018, -641.6320261298762]]",,
33,page0034,page0034,2,5,5.2901031734822475,0.8638808432467556,0.8106465127741723,0.9245982694684796,2.4284304189734796,7,139,0.375,0.8054400700519811,0.2862190812720848,0.8607059986995814,-0.0681732729239936,"(60, 60, 420, 420)","(526, 526, 3683, 3683)","[[0.8607053894323693, 0.0010241091335186393, -153.66174080247293], [-0.0010241091335186393, 0.8607053894323693, -212.05396506279183]]",,
34,page0030,page0030,1,3,5.2633040739776655,0.8621283774067573,0.8091405184174625,0.922542549496353,2.2107137251503195,9,136,0.3125,0.8121809010183229,0.127208480565371,0.9209516706281071,0.42056920437712686,"(120, 280, 360, 520)","(1052, 2456, 3157, 4560)","[[0.9209268601823372, -0.006760016819761613, 330.34098410941425], [0.006760016819761613, 0.9209268601823372, 419.32295613178195]]",,
35,page0012,page0012,1,5,5.228617394011868,0.8275879783343243,0.7863496684457383,0.8733909702209414,2.2885745300549596,15,170,0.375,0.8164772021030822,0.127208480565371,1.0408466776465573,0.31616968767399506,"(40, 40, 280, 280)","(351, 351, 2456, 2456)","[[1.0408308305078882, -0.005743573115763237, -54.08354490532364], [0.005743573115763237, 1.0408308305078882, -483.83462476525403]]",,
36,page0051,page0051,1,4,5.223523040491124,0.8499560680349745,0.8183930536871713,0.884051329055912,2.043828413769361,8,152,0.3125,0.8126142922372218,0.127208480565371,0.8998652593483542,0.11291480539815367,"(120, 360, 360, 600)","(1052, 3157, 3157, 5262)","[[0.8998635119019465, -0.0017733949295482196, 307.67334318713336], [0.0017733949295482196, 0.8998635119019465, 393.16418496661686]]",,
37,page0050,page0050,1,2,5.219927401995948,0.8902135234790789,0.8602836879432624,0.9223009814612868,1.9508950435353796,7,126,0.1875,0.7853197603825615,0.127208480565371,0.9142562600633063,0.32459032763024126,"(120, 360, 360, 600)","(1052, 3157, 3157, 5262)","[[0.9142415889635788, -0.005179389374688618, -153.52962419475378], [0.005179389374688618, 0.9142415889635788, -213.22900450319713]]",,
38,page0038,page0038,1,2,5.215725314749047,0.8633253374250196,0.7962289562289562,0.9427704313895513,2.2118007094591907,12,159,0.25,0.8233310582755038,0.127208480565371,1.082372017345384,-0.12061543017813008,"(326, 40, 566, 280)","(2859, 351, 4964, 2456)","[[1.0823696190267862, 0.002278539033233993, -243.8102287079996], [-0.002278539033233993, 1.0823696190267862, -262.14778631694486]]",,
39,page0027,page0027,1,9,5.2099254629625085,0.8597578827645809,0.8404549319727891,0.8799683486517743,2.1646470678817895,6,123,0.3125,0.8022578060366564,0.2862190812720848,0.8759119420340279,0.16241970630291017,"(60, 60, 420, 420)","(526, 526, 3683, 3683)","[[0.8759084226850149, -0.0024829956245317, -172.30843712361718], [0.0024829956245317, 0.8759084226850149, -208.03754216670305]]",,
40,page0041,page0041,1,6,5.209098670712055,0.8575701312230783,0.7820215523120994,0.9492766892510529,2.248145388865613,7,159,0.3125,0.8157426342102572,0.127208480565371,1.0905488426334304,0.1315750166901733,"(200, 40, 440, 280)","(1754, 351, 3859, 2456)","[[1.0905459671124715, -0.0025043529780860237, -227.48357486130212], [0.0025043529780860237, 1.0905459671124715, -276.28135811030364]]",,
41,page0052,page0052,1,1,5.203652635811279,0.8671476315802276,0.8708162956232016,0.8635097493036211,2.08943874562417,8,160,0.25,0.8089190971932866,0.127208480565371,1.0969382809864012,0.32916808207739234,"(40, 440, 280, 680)","(351, 3859, 2456, 5964)","[[1.0969201783773725, -0.0063019490599286535, -206.3361022351813], [0.0063019490599286535, 1.0969201783773725, -350.9049318412866]]",,
42,page0030,page0030,1,1,5.195670861480827,0.8650236196880402,0.8254272043745728,0.9086104006820119,2.180433978310875,10,136,0.25,0.8048651574587462,0.127208480565371,0.9209516706281071,0.42056920437712686,"(40, 360, 280, 600)","(351, 3157, 2456, 5262)","[[0.9209268601823372, -0.006760016819761613, 330.34098410941425], [0.006760016819761613, 0.9209268601823372, 419.32295613178195]]",,
43,page0036,page0036,1,9,5.185747009210942,0.8753660988101739,0.8060846923393176,0.9576765277477867,1.9754568451171313,5,156,0.25,0.7674959348451644,0.127208480565371,1.074794756805933,-0.3617605616274192,"(120, 120, 360, 360)","(1052, 1052, 3157, 3157)","[[1.0747733332639784, 0.00678611539557788, 63.464701426215704], [-0.00678611539557788, 1.0747733332639784, 125.05543684153032]]",,
44,page0041,page0041,1,1,5.157107909613138,0.8480304856609223,0.7959251837007348,0.9074358411932442,2.33395614089521,8,159,0.3125,0.8141622002590276,0.127208480565371,1.0905488426334304,0.1315750166901733,"(200, 440, 440, 680)","(1754, 3859, 3859, 5964)","[[1.0905459671124715, -0.0025043529780860237, -227.48357486130212], [0.0025043529780860237, 1.0905459671124715, -276.28135811030364]]",,
45,page0011,page0011,1,4,5.131010415564335,0.8671393035240146,0.8101851851851852,0.9327063740856845,2.4007754101522756,7,150,0.25,0.8136699937164216,0.127208480565371,1.0822095466093877,-0.518844659711386,"(0, 520, 240, 760)","(0, 4560, 2105, 6665)","[[1.082165174728905, 0.00979986614476615, -590.9240367507464], [-0.00979986614476615, 1.082165174728905, -637.4610679935555]]",,
46,page0012,page0012,1,6,5.124760009405229,0.8147396298817348,0.721710189452125,0.9353012535382127,2.6162884284439434,20,170,0.375,0.8080960664481647,0.127208480565371,1.0408466776465573,0.31616968767399506,"(200, 40, 440, 280)","(1754, 351, 3859, 2456)","[[1.0408308305078882, -0.005743573115763237, -54.08354490532364], [0.005743573115763237, 1.0408308305078882, -483.83462476525403]]",,
47,page0047,page0047,1,4,5.119874974141329,0.83448770945792,0.7794945659290298,0.8978293413173652,2.3457104393753347,11,133,0.3125,0.8120496459402946,0.127208480565371,1.0812677064301581,0.018981955228389864,"(120, 280, 360, 520)","(1052, 2456, 3157, 4560)","[[1.0812676470912082, -0.00035822140814435136, -183.3980334119483], [0.00035822140814435136, 1.0812676470912082, -262.96059183959494]]",,
48,page0050,page0050,1,1,5.100864230860513,0.8611737808476075,0.7945223260643821,0.9400318415000884,2.4764004441158756,8,126,0.25,0.8145105827066306,0.127208480565371,0.9142562600633063,0.32459032763024126,"(40, 440, 280, 680)","(351, 3859, 2456, 5964)","[[0.9142415889635788, -0.005179389374688618, -153.52962419475378], [0.005179389374688618, 0.9142415889635788, -213.22900450319713]]",,
49,page0002,page0002,1,7,5.099426481790332,0.849324441589754,0.7727791846665674,0.9427007552137463,2.1739216356482163,8,123,0.25,0.8111520646135734,0.2862190812720848,0.8934876243554671,0.25384099250481773,"(60, 180, 420, 540)","(526, 1579, 3683, 4736)","[[0.8934788556378409, -0.0039584598609320575, -39.05035628920133], [0.0039584598609320575, 0.8934788556378409, -84.51888853605003]]",,
50,page0001,page0001,1,5,5.096085139830695,0.87161761124791,0.8261633011413521,0.9223647880461263,1.880519823142468,5,101,0.1875,0.7722998898903386,0.127208480565371,0.86187513213317,0.24308133948258762,"(280, 440, 520, 680)","(2456, 3859, 4560, 5964)","[[0.8618673755280983, -0.003656554372248884, 102.11283375495096], [0.003656554372248884, 0.8618673755280983, 255.8267056119249]]",,
51,page0036,page0036,1,2,5.075893672438714,0.8495858454566425,0.7923258162234937,0.9157667386609071,2.1747422572934947,7,156,0.25,0.797974889515775,0.127208480565371,1.074794756805933,-0.3617605616274192,"(280, 120, 520, 360)","(2456, 1052, 4560, 3157)","[[1.0747733332639784, 0.00678611539557788, 63.464701426215704], [-0.00678611539557788, 1.0747733332639784, 125.05543684153032]]",,
52,page0040,page0040,2,3,5.069478276040027,0.840212115060668,0.7461368653421634,0.9614325068870524,2.6219699811387995,9,138,0.3125,0.8096893572564525,0.127208480565371,0.8668395422097733,-0.09630055166528328,"(280, 40, 520, 280)","(2456, 351, 4560, 2456)","[[0.8668383178165946, 0.0014569500149268868, 409.107073120082], [-0.0014569500149268868, 0.8668383178165946, 365.8825624386838]]",,
53,page0043,page0043,1,5,5.066938529840509,0.8410098037633745,0.7861411496869665,0.9041122399612965,2.2991267291411797,10,139,0.25,0.8237092801450853,0.2862190812720848,1.0829702569664543,0.31009013939886054,"(60, 300, 420, 660)","(526, 2631, 3683, 5788)","[[1.0829543964939576, -0.005861108120140465, -183.0463005154023], [0.005861108120140465, 1.0829543964939576, -301.4848105678964]]",,
54,page0057,page0057,1,10,5.063860126627751,0.821077261232865,0.7681513464379048,0.8818360978814255,2.819033760440833,12,127,0.375,0.8149833120702602,0.2862190812720848,1.0787165892256607,0.18488867008741752,"(206, 300, 566, 660)","(1807, 2631, 4964, 5788)","[[1.0787109728995452, -0.003480921826114959, 79.46884606722882], [0.003480921826114959, 1.0787109728995452, 73.74568499596856]]",,
55,page0016,page0016,1,19,5.04262452853821,0.8077002451276866,0.6914320873711737,0.9709751215327423,2.8245420087026902,9,176,0.4375,0.7955893668512887,0.2862190812720848,1.0807965500651378,0.07414965356949786,"(180, 180, 540, 540)","(1579, 1579, 4736, 4736)","[[1.0807956449853189, -0.0013987185108056172, -431.7749119682051], [0.0013987185108056172, 1.0807956449853189, -750.7655222823277]]",,
56,page0041,page0041,1,5,5.028232568217061,0.8380783364095751,0.7672690177790732,0.9232860749660128,2.6794384177058936,8,159,0.3125,0.8016395255375232,0.127208480565371,1.0905488426334304,0.1315750166901733,"(120, 520, 360, 760)","(1052, 4560, 3157, 6665)","[[1.0905459671124715, -0.0025043529780860237, -227.48357486130212], [0.0025043529780860237, 1.0905459671124715, -276.28135811030364]]",,
57,page0020,page0020,1,5,5.023334701412671,0.8238532267992349,0.7191981495759445,0.9641532756489494,2.612536194828442,6,126,0.375,0.788208235619434,0.127208480565371,1.0720318569704652,-0.27484929933865226,"(40, 200, 280, 440)","(351, 1754, 2456, 3859)","[[1.0720195224898639, 0.00514254413185506, -204.50273902543603], [-0.00514254413185506, 1.0720195224898639, -239.6250182845301]]",,
58,page0027,page0027,1,7,5.008598159529844,0.8364844653527049,0.7643642654145558,0.9236320913058074,2.4073980886399005,9,123,0.25,0.8204315491687678,0.2862190812720848,0.8759119420340279,0.16241970630291017,"(60, 420, 420, 780)","(526, 3683, 3683, 6841)","[[0.8759084226850149, -0.0024829956245317, -172.30843712361718], [0.0024829956245317, 0.8759084226850149, -208.03754216670305]]",,
59,page0037,page0037,1,7,5.00817502940306,0.8031661230959097,0.8052705693019513,0.8010726474890297,3.1785867960908205,14,113,0.4375,0.8085571862617641,0.127208480565371,0.8779403298462127,-1.4238429164692188,"(40, 280, 280, 520)","(351, 2456, 2456, 4560)","[[0.877669253547716, 0.021815227421962943, -297.35449778039987], [-0.021815227421962943, 0.877669253547716, -123.71687060888097]]",,
60,page0033,page0033,1,1,5.0074019453732825,0.8528916113607216,0.8065857885615252,0.9048380647740903,2.5287146306369364,13,125,0.1875,0.8134374189290381,0.127208480565371,0.8510852355175391,0.19039854836239956,"(280, 40, 520, 280)","(2456, 351, 4560, 2456)","[[0.8510805363096076, -0.002828220446801171, -153.3812222607814], [0.002828220446801171, 0.8510805363096076, -241.60011565789554]]",,
61,page0051,page0051,1,16,5.006758845385407,0.792975299236289,0.7037485931953943,0.9081128971016327,2.8320221321083725,14,152,0.4375,0.7838384393667144,0.2862190812720848,0.8998652593483542,0.11291480539815367,"(180, 420, 540, 780)","(1579, 3683, 4736, 6841)","[[0.8998635119019465, -0.0017733949295482196, 307.67334318713336], [0.0017733949295482196, 0.8998635119019465, 393.16418496661686]]",,
62,page0025,page0025,1,2,5.000853686255382,0.8455349428019903,0.809072891433605,0.8854385228703315,2.3967454900112655,6,129,0.25,0.805023565451308,0.127208480565371,0.8806763050854893,0.43002394190171495,"(200, 440, 440, 680)","(1754, 3859, 3859, 5964)","[[0.8806515009391829, -0.006609707451492649, 344.7568484949274], [0.006609707451492649, 0.8806515009391829, 526.351797147808]]",,
63,page0043,page0043,1,8,5.0001658950413415,0.8135994243881626,0.7284582267423723,0.9212770176482252,2.4004235475445967,10,139,0.3125,0.8196950623420535,0.2862190812720848,1.0829702569664543,0.31009013939886054,"(180, 180, 540, 540)","(1579, 1579, 4736, 4736)","[[1.0829543964939576, -0.005861108120140465, -183.0463005154023], [0.005861108120140465, 1.0829543964939576, -301.4848105678964]]",,
64,page0020,page0020,1,6,4.995646176300281,0.8020410966887858,0.6850393700787402,0.9672417558418869,2.7377573391416448,14,126,0.375,0.8069076706905197,0.127208480565371,1.0720318569704652,-0.27484929933865226,"(200, 200, 440, 440)","(1754, 1754, 3859, 3859)","[[1.0720195224898639, 0.00514254413185506, -204.50273902543603], [-0.00514254413185506, 1.0720195224898639, -239.6250182845301]]",,
65,page0052,page0052,1,8,4.978866814082908,0.834306218171216,0.8044280442804428,0.8664894864378957,2.4813914949094453,9,160,0.25,0.8153797638117901,0.2862190812720848,1.0969382809864012,0.32916808207739234,"(60, 180, 420, 540)","(526, 1579, 3683, 4736)","[[1.0969201783773725, -0.0063019490599286535, -206.3361022351813], [0.0063019490599286535, 1.0969201783773725, -350.9049318412866]]",,
66,page0042,page0042,1,4,4.97599695473533,0.8221426133693666,0.7148562300319489,0.9673188561599656,2.6818869743596165,9,126,0.3125,0.82075133950142,0.127208480565371,1.0849540851996915,0.929986537557253,"(200, 440, 440, 680)","(1754, 3859, 3859, 5964)","[[1.0848111695171831, -0.017609471379366963, 95.87305755089334], [0.017609471379366963, 1.0848111695171831, 14.235417829512443]]",,
67,page0037,page0037,1,5,4.975756083234077,0.8549257626778151,0.8300616937745373,0.8813254096884567,2.3672940129555586,7,113,0.1875,0.8047538592931666,0.127208480565371,0.8779403298462127,-1.4238429164692188,"(120, 360, 360, 600)","(1052, 3157, 3157, 5262)","[[0.877669253547716, 0.021815227421962943, -297.35449778039987], [-0.021815227421962943, 0.877669253547716, -123.71687060888097]]",,
68,page0012,page0012,1,4,4.975504839152817,0.8265026796579291,0.7362554112554113,0.9419650155304888,2.476342727865394,13,170,0.25,0.808216383603024,0.127208480565371,1.0408466776465573,0.31616968767399506,"(280, 120, 520, 360)","(2456, 1052, 4560, 3157)","[[1.0408308305078882, -0.005743573115763237, -54.08354490532364], [0.005743573115763237, 1.0408308305078882, -483.83462476525403]]",,
69,page0059,page0059,1,4,4.97520190263176,0.8344528354025386,0.772010246730484,0.9078854314002829,2.2539115480164824,6,110,0.25,0.806513521669657,0.127208480565371,0.951715298865038,1.6766727325839341,"(200, 120, 440, 360)","(1754, 1052, 3859, 3157)","[[0.9513078272124186, -0.027846507467828133, 129.0509739894208], [0.027846507467828133, 0.9513078272124186, 139.7786381529404]]",,
70,page0036,page0036,1,5,4.96516062592923,0.8461787867995866,0.7716951788491446,0.9365766683647478,2.2272996195261716,5,156,0.25,0.7371443494114562,0.127208480565371,1.074794756805933,-0.3617605616274192,"(120, 0, 360, 240)","(1052, 0, 3157, 2105)","[[1.0747733332639784, 0.00678611539557788, 63.464701426215704], [-0.00678611539557788, 1.0747733332639784, 125.05543684153032]]",,
71,page0023,page0023,1,9,4.964825368267264,0.7954793322106941,0.7231506758106399,0.8838843793308255,2.983855667985792,9,158,0.4375,0.8145495370645833,0.2862190812720848,1.0720460993712293,-0.4924209322361007,"(60, 180, 420, 540)","(526, 1579, 3683, 4736)","[[1.0720065072710854, 0.009213443738143081, -242.51494127865652], [-0.009213443738143081, 1.0720065072710854, -180.07976487643538]]",,
72,page0018,page0018,1,28,4.945967932742508,0.8254108210618663,0.7585620803943232,0.9051803885291397,2.957651389074876,11,157,0.3125,0.8043816340919892,0.2862190812720848,1.057669521711117,0.36854530970784743,"(180, 60, 540, 420)","(1579, 526, 4736, 3683)","[[1.0576476413236267, -0.006803231525691531, -501.8092451128751], [0.006803231525691531, 1.0576476413236267, -718.6199260909447]]",,
73,page0062,page0062,1,2,4.937586613153367,0.8119001287394709,0.7292499600191907,0.9156794425087108,2.5022038965425994,8,79,0.3125,0.8076372493552325,0.127208480565371,0.9116729708434115,-1.4883715712867667,"(200, 120, 440, 360)","(1754, 1052, 3859, 3157)","[[0.9113653879848161, 0.0236798511341895, -258.6706669067897], [-0.0236798511341895, 0.9113653879848161, -153.643024610966]]",,
74,page0034,page0034,2,1,4.925092951086171,0.8636616570972401,0.7972295199426798,0.9421716394955398,2.6520244001986053,5,139,0.1875,0.801160511665406,0.127208480565371,0.8607059986995814,-0.0681732729239936,"(280, 200, 520, 440)","(2456, 1754, 4560, 3859)","[[0.8607053894323693, 0.0010241091335186393, -153.66174080247293], [-0.0010241091335186393, 0.8607053894323693, -212.05396506279183]]",,
75,page0008,page0008,1,12,4.921540074673752,0.8022653237564275,0.7243243243243244,0.8990025982734055,2.8782763373811293,10,132,0.375,0.7945266132900457,0.2862190812720848,0.8934630795962241,0.03202934186332586,"(0, 180, 360, 540)","(0, 1579, 3157, 4736)","[[0.8934629399923826, -0.0004994614467482756, -293.8984357215417], [0.0004994614467482756, 0.8934629399923826, -439.3609997988755]]",,
76,page0011,page0011,1,31,4.9181950108032435,0.7857965317528355,0.6929089500739385,0.9074434319647794,3.230830990695804,15,150,0.4375,0.8080223793868155,0.2862190812720848,1.0822095466093877,-0.518844659711386,"(0, 300, 360, 660)","(0, 2631, 3157, 5788)","[[1.082165174728905, 0.00979986614476615, -590.9240367507464], [-0.00979986614476615, 1.082165174728905, -637.4610679935555]]",,
77,page0041,page0041,1,7,4.913180482982507,0.8138543094433855,0.740281882245965,0.9036644005969159,2.479686929780618,5,159,0.3125,0.8201064817679199,0.127208480565371,1.0905488426334304,0.1315750166901733,"(280, 120, 520, 360)","(2456, 1052, 4560, 3157)","[[1.0905459671124715, -0.0025043529780860237, -227.48357486130212], [0.0025043529780860237, 1.0905459671124715, -276.28135811030364]]",,
78,page0040,page0040,1,5,4.908392442216941,0.804803608633431,0.7344119968429361,0.890119397819692,2.548599566631354,9,138,0.3125,0.8112926265209648,0.127208480565371,0.8515231890678843,-1.2070168553220237,"(200, 440, 440, 680)","(1754, 3859, 3859, 5964)","[[0.8513342456239907, 0.017937216845720652, 313.2844576642019], [-0.017937216845720652, 0.8513342456239907, 695.8199299498654]]",,
79,page0052,page0052,1,3,4.882377994135488,0.827684154900734,0.8290131168019987,0.8263594470046083,2.7557848975454924,8,160,0.25,0.820559062325712,0.127208480565371,1.0969382809864012,0.32916808207739234,"(200, 440, 440, 680)","(1754, 3859, 3859, 5964)","[[1.0969201783773725, -0.0063019490599286535, -206.3361022351813], [0.0063019490599286535, 1.0969201783773725, -350.9049318412866]]",,
80,page0008,page0008,1,1,4.872708920824199,0.8339584624968225,0.7372818874416318,0.9598148148148148,2.4506093697831757,8,132,0.1875,0.8101519162704689,0.127208480565371,0.8934630795962241,0.03202934186332586,"(0, 0, 240, 240)","(0, 0, 2105, 2105)","[[0.8934629399923826, -0.0004994614467482756, -293.8984357215417], [0.0004994614467482756, 0.8934629399923826, -439.3609997988755]]",,
81,page0008,page0008,1,6,4.868517674123647,0.8332853289886174,0.7452615617892343,0.9448871181938912,2.7688487350588806,7,132,0.25,0.7891597389884446,0.127208480565371,0.8934630795962241,0.03202934186332586,"(280, 200, 520, 440)","(2456, 1754, 4560, 3859)","[[0.8934629399923826, -0.0004994614467482756, -293.8984357215417], [0.0004994614467482756, 0.8934629399923826, -439.3609997988755]]",,
82,page0051,page0051,1,5,4.843103021708361,0.8069330995428762,0.7262373162145371,0.9078036016623057,2.7985878057737685,9,152,0.3125,0.77886859248681,0.127208480565371,0.8998652593483542,0.11291480539815367,"(200, 280, 440, 520)","(1754, 2456, 3859, 4560)","[[0.8998635119019465, -0.0017733949295482196, 307.67334318713336], [0.0017733949295482196, 0.8998635119019465, 393.16418496661686]]",,
83,page0047,page0047,1,1,4.832850742758144,0.8177781282470938,0.7320288648348598,0.9262820512820513,2.564534525911434,8,133,0.25,0.772750071780769,0.127208480565371,1.0812677064301581,0.018981955228389864,"(40, 360, 280, 600)","(351, 3157, 2456, 5262)","[[1.0812676470912082, -0.00035822140814435136, -183.3980334119483], [0.00035822140814435136, 1.0812676470912082, -262.96059183959494]]",,
84,page0040,page0040,1,3,4.8289243974965865,0.8104791268705257,0.7336313119110897,0.9053103007037748,2.682286930749473,11,138,0.25,0.7997466891491152,0.127208480565371,0.8515231890678843,-1.2070168553220237,"(40, 440, 280, 680)","(351, 3859, 2456, 5964)","[[0.8513342456239907, 0.017937216845720652, 313.2844576642019], [-0.017937216845720652, 0.8513342456239907, 695.8199299498654]]",,
85,page0013,page0013,1,4,4.827287794292282,0.7960023153919332,0.6736336894256076,0.9726971869829013,3.591717922369215,9,133,0.4375,0.7913244883089667,0.127208480565371,1.0754914349469247,-0.03060426632234493,"(120, 0, 360, 240)","(1052, 0, 3157, 2105)","[[1.0754912815221018, 0.0005744685737253965, -303.1744698230185], [-0.0005744685737253965, 1.0754912815221018, -641.6320261298762]]",,
86,page0023,page0023,1,4,4.778672137485191,0.7940846607000461,0.7206725755995829,0.8841494978776271,2.783677980987782,7,158,0.3125,0.8083768064761697,0.2862190812720848,1.0720460993712293,-0.4924209322361007,"(0, 300, 360, 660)","(0, 2631, 3157, 5788)","[[1.0720065072710854, 0.009213443738143081, -242.51494127865652], [-0.009213443738143081, 1.0720065072710854, -180.07976487643538]]",,
87,page0051,page0051,1,7,4.778355099012424,0.8242353307085106,0.8253619204691223,0.8231118122658253,2.580423318630005,5,152,0.25,0.7290649661106315,0.127208480565371,0.8998652593483542,0.11291480539815367,"(40, 120, 280, 360)","(351, 1052, 2456, 3157)","[[0.8998635119019465, -0.0017733949295482196, 307.67334318713336], [0.0017733949295482196, 0.8998635119019465, 393.16418496661686]]",,
88,page0050,page0050,1,3,4.772618492647125,0.833309347716834,0.7628032345013477,0.9181766704416761,2.8002208293135475,6,126,0.1875,0.814195877548785,0.127208480565371,0.9142562600633063,0.32459032763024126,"(0, 520, 240, 760)","(0, 4560, 2105, 6665)","[[0.9142415889635788, -0.005179389374688618, -153.52962419475378], [0.005179389374688618, 0.9142415889635788, -213.22900450319713]]",,
89,page0051,page0051,1,2,4.731112130827045,0.8044021706524452,0.7965590634976942,0.8124012638230648,2.6170330637129995,5,152,0.25,0.8031209425000647,0.127208480565371,0.8998652593483542,0.11291480539815367,"(40, 440, 280, 680)","(351, 3859, 2456, 5964)","[[0.8998635119019465, -0.0017733949295482196, 307.67334318713336], [0.0017733949295482196, 0.8998635119019465, 393.16418496661686]]",,
90,page0037,page0037,1,4,4.713517083216061,0.8102643285173339,0.7731976846167339,0.851063829787234,3.1855715666034525,11,113,0.25,0.7826511949694029,0.127208480565371,0.8779403298462127,-1.4238429164692188,"(0, 360, 240, 600)","(0, 3157, 2105, 5262)","[[0.877669253547716, 0.021815227421962943, -297.35449778039987], [-0.021815227421962943, 0.877669253547716, -123.71687060888097]]",,
91,page0023,page0023,1,7,4.705332270546789,0.7847059176684914,0.7097755249818972,0.877324289556777,2.8797732958214635,7,158,0.3125,0.799342945458806,0.2862190812720848,1.0720460993712293,-0.4924209322361007,"(0, 440, 360, 800)","(0, 3859, 3157, 7016)","[[1.0720065072710854, 0.009213443738143081, -242.51494127865652], [-0.009213443738143081, 1.0720065072710854, -180.07976487643538]]",,
92,page0014,page0014,1,3,4.6971824095472625,0.8057679365595148,0.7740631317058,0.8401808531551013,3.245152595403939,6,86,0.3125,0.7688925349297987,0.127208480565371,1.084323598236305,0.0742939357250527,"(0, 120, 240, 360)","(0, 1052, 2105, 3157)","[[1.0843226866656845, -0.0014060135986003592, -163.09280493514325], [0.0014060135986003592, 1.0843226866656845, -145.12903915236504]]",,
93,page0013,page0013,1,5,4.67069829977236,0.8173782904132956,0.7277383766745469,0.9322033898305084,2.7179933404555063,5,133,0.1875,0.7889304743620201,0.127208480565371,1.0754914349469247,-0.03060426632234493,"(326, 280, 566, 520)","(2859, 2456, 4964, 4560)","[[1.0754912815221018, 0.0005744685737253965, -303.1744698230185], [-0.0005744685737253965, 1.0754912815221018, -641.6320261298762]]",,
94,page0034,page0034,1,4,4.669111350594989,0.7704729794172032,0.7009069400630915,0.8553696708041014,2.9696808761080944,11,139,0.3125,0.8046797884450395,0.127208480565371,0.8975139848238316,1.94183429927027,"(120, 440, 360, 680)","(1052, 3859, 3157, 5964)","[[0.8969985797031081, -0.030412184481877696, -105.53787587753882], [0.030412184481877696, 0.8969985797031081, -372.41746885725297]]",,
95,page0057,page0057,1,2,4.6685542360575445,0.815965557709489,0.8149329929802169,0.8170007423904974,2.806968786926504,5,127,0.1875,0.8173238357350424,0.127208480565371,1.0787165892256607,0.18488867008741752,"(120, 440, 360, 680)","(1052, 3859, 3157, 5964)","[[1.0787109728995452, -0.003480921826114959, 79.46884606722882], [0.003480921826114959, 1.0787109728995452, 73.74568499596856]]",,
96,page0021,page0021,1,4,4.668504078296131,0.7887519477040431,0.6951146857313077,0.9115438761145003,2.7925954075366346,9,83,0.25,0.7899415126549464,0.127208480565371,1.0779940492914537,0.011694362000029162,"(280, 360, 520, 600)","(2456, 3157, 4560, 5262)","[[1.0779940268374304, -0.00022002410414687912, -217.17909046115017], [0.00022002410414687912, 1.0779940268374304, -263.8692674513168]]",,
97,page0019,page0019,1,3,4.665971225066174,0.7871742268824558,0.6940908481843763,0.9090909090909091,2.8074581834123093,8,105,0.25,0.8161559725700129,0.127208480565371,1.0783376043183666,-3.55059418129991,"(280, 120, 520, 360)","(2456, 1052, 4560, 3157)","[[1.0762677366679363, 0.06678134391244088, -334.9819058981418], [-0.06678134391244088, 1.0762677366679363, -12.980001373755123]]",,
98,page0013,page0013,1,7,4.663383458458164,0.7764744984526947,0.6584228377614472,0.9461062403300671,3.320290032836122,7,133,0.375,0.7912949847004187,0.127208480565371,1.0754914349469247,-0.03060426632234493,"(120, 120, 360, 360)","(1052, 1052, 3157, 3157)","[[1.0754912815221018, 0.0005744685737253965, -303.1744698230185], [-0.0005744685737253965, 1.0754912815221018, -641.6320261298762]]",,
99,page0014,page0014,1,1,4.642403309769523,0.8132582904255823,0.8041157056882159,0.8226111636707664,3.276201966754213,6,86,0.25,0.7785537913822699,0.127208480565371,1.084323598236305,0.0742939357250527,"(40, 40, 280, 280)","(351, 351, 2456, 2456)","[[1.0843226866656845, -0.0014060135986003592, -163.09280493514325], [0.0014060135986003592, 1.0843226866656845, -145.12903915236504]]",,
100,page0043,page0043,1,1,4.638937964741178,0.7905210618142274,0.7075664621676891,0.8955100351748396,2.7661956865666113,5,139,0.25,0.8119508208449955,0.127208480565371,1.0829702569664543,0.31009013939886054,"(326, 440, 566, 680)","(2859, 3859, 4964, 5964)","[[1.0829543964939576, -0.005861108120140465, -183.0463005154023], [0.005861108120140465, 1.0829543964939576, -301.4848105678964]]",,
101,page0026,page0026,1,11,4.638417156927564,0.7815120440698283,0.6770810888457948,0.9240319606637984,2.9187979388741603,5,121,0.3125,0.788569235057359,0.2862190812720848,0.8850409853047446,0.17177776464661684,"(0, 300, 360, 660)","(0, 2631, 3157, 5788)","[[0.8850370076993958, -0.002653426406159438, 328.26389682608004], [0.002653426406159438, 0.8850370076993958, 471.172925177807]]",,
102,page0038,page0038,1,17,4.6362820260814965,0.7773032526161717,0.6775804661487237,0.9114450127877238,3.2263729189142283,9,159,0.3125,0.8124751695302475,0.2862190812720848,1.082372017345384,-0.12061543017813008,"(60, 420, 420, 780)","(526, 3683, 3683, 6841)","[[1.0823696190267862, 0.002278539033233993, -243.8102287079996], [-0.002278539033233993, 1.0823696190267862, -262.14778631694486]]",,
103,page0016,page0016,1,1,4.6277228519558475,0.7699872306372558,0.645877776383486,0.9531388152077808,3.5060437850269643,9,176,0.375,0.8002315557695947,0.127208480565371,1.0807965500651378,0.07414965356949786,"(40, 360, 280, 600)","(351, 3157, 2456, 5262)","[[1.0807956449853189, -0.0013987185108056172, -431.7749119682051], [0.0013987185108056172, 1.0807956449853189, -750.7655222823277]]",,
104,page0018,page0018,1,21,4.610477746348684,0.80273173405058,0.7323706715267069,0.8880493139789223,3.1819952501137148,5,157,0.25,0.8040087372639505,0.2862190812720848,1.057669521711117,0.36854530970784743,"(206, 420, 566, 780)","(1807, 3683, 4964, 6841)","[[1.0576476413236267, -0.006803231525691531, -501.8092451128751], [0.006803231525691531, 1.0576476413236267, -718.6199260909447]]",,
105,page0030,page0030,1,4,4.609157734963118,0.776791653203285,0.7357055548010322,0.8227381610466188,3.126296944094932,15,136,0.25,0.8034352638711324,0.127208480565371,0.9209516706281071,0.42056920437712686,"(120, 440, 360, 680)","(1052, 3859, 3157, 5964)","[[0.9209268601823372, -0.006760016819761613, 330.34098410941425], [0.006760016819761613, 0.9209268601823372, 419.32295613178195]]",,
106,page0016,page0016,1,7,4.608906846979949,0.8094353932422701,0.6989761092150171,0.9613590939373751,3.2651790772453717,5,176,0.25,0.7809431998878821,0.127208480565371,1.0807965500651378,0.07414965356949786,"(0, 0, 240, 240)","(0, 0, 2105, 2105)","[[1.0807956449853189, -0.0013987185108056172, -431.7749119682051], [0.0013987185108056172, 1.0807956449853189, -750.7655222823277]]",,
107,page0052,page0052,1,6,4.605392011939733,0.7754427268865429,0.6951001921493275,0.876785155842802,3.38128914490772,10,160,0.3125,0.8099234671909474,0.2862190812720848,1.0969382809864012,0.32916808207739234,"(206, 180, 566, 540)","(1807, 1579, 4964, 4736)","[[1.0969201783773725, -0.0063019490599286535, -206.3361022351813], [0.0063019490599286535, 1.0969201783773725, -350.9049318412866]]",,
108,page0034,page0034,1,6,4.589193388379436,0.7901710499330201,0.7085083216674444,0.8931111111111111,3.011342773730285,6,139,0.25,0.7901218444671936,0.127208480565371,0.8975139848238316,1.94183429927027,"(40, 280, 280, 520)","(351, 2456, 2456, 4560)","[[0.8969985797031081, -0.030412184481877696, -105.53787587753882], [0.030412184481877696, 0.8969985797031081, -372.41746885725297]]",,
109,page0001,page0001,1,3,4.588187864267021,0.7967881953911182,0.7815377256965204,0.8126456876456877,2.7573514574471383,6,101,0.1875,0.8011974511427751,0.127208480565371,0.86187513213317,0.24308133948258762,"(200, 360, 440, 600)","(1754, 3157, 3859, 5262)","[[0.8618673755280983, -0.003656554372248884, 102.11283375495096], [0.003656554372248884, 0.8618673755280983, 255.8267056119249]]",,
110,page0023,page0023,1,10,4.583615740798993,0.7769203302999551,0.6953525979048021,0.8801676294031034,3.269540872020713,6,158,0.3125,0.8133288072709036,0.2862190812720848,1.0720460993712293,-0.4924209322361007,"(180, 60, 540, 420)","(1579, 526, 4736, 3683)","[[1.0720065072710854, 0.009213443738143081, -242.51494127865652], [-0.009213443738143081, 1.0720065072710854, -180.07976487643538]]",,
111,page0052,page0052,1,9,4.540131489396805,0.7824971789818032,0.7130456349206349,0.8669380370872908,3.079927940011797,5,160,0.25,0.817025057728478,0.2862190812720848,1.0969382809864012,0.32916808207739234,"(180, 60, 540, 420)","(1579, 526, 4736, 3683)","[[1.0969201783773725, -0.0063019490599286535, -206.3361022351813], [0.0063019490599286535, 1.0969201783773725, -350.9049318412866]]",,
112,page0060,page0060,1,3,4.530199634421943,0.7772759187379147,0.685551059271602,0.8973371831889637,3.5831433106655557,8,129,0.3125,0.7850396919814178,0.127208480565371,0.913470172697163,0.09779055014666496,"(200, 0, 440, 240)","(1754, 0, 3859, 2105)","[[0.9134688422035814, -0.001559080059995069, -173.8356886294823], [0.001559080059995069, 0.9134688422035814, -285.59215853352595]]",,
113,page0001,page0001,1,1,4.526204480494525,0.7840285762709893,0.7121611897337491,0.8720289355838787,2.775845494453507,6,101,0.1875,0.8080893501795522,0.127208480565371,0.86187513213317,0.24308133948258762,"(40, 360, 280, 600)","(351, 3157, 2456, 5262)","[[0.8618673755280983, -0.003656554372248884, 102.11283375495096], [0.003656554372248884, 0.8618673755280983, 255.8267056119249]]",,
114,page0059,page0059,1,2,4.513847094966868,0.770189122896038,0.6604659902292371,0.9236319903788335,3.530578038013191,8,110,0.3125,0.7957501735112122,0.127208480565371,0.951715298865038,1.6766727325839341,"(280, 40, 520, 280)","(2456, 351, 4560, 2456)","[[0.9513078272124186, -0.027846507467828133, 129.0509739894208], [0.027846507467828133, 0.9513078272124186, 139.7786381529404]]",,
115,page0012,page0012,1,2,4.509265649620954,0.7695327545924328,0.6407829090443904,0.9630304608174954,3.2513576886264364,12,170,0.25,0.7863493643608667,0.127208480565371,1.0408466776465573,0.31616968767399506,"(326, 40, 566, 280)","(2859, 351, 4964, 2456)","[[1.0408308305078882, -0.005743573115763237, -54.08354490532364], [0.005743573115763237, 1.0408308305078882, -483.83462476525403]]",,
116,page0025,page0025,1,3,4.506425184322397,0.7816602697870011,0.7397612210971739,0.8285904846598489,2.771395571572872,6,129,0.1875,0.79705466476916,0.127208480565371,0.8806763050854893,0.43002394190171495,"(40, 120, 280, 360)","(351, 1052, 2456, 3157)","[[0.8806515009391829, -0.006609707451492649, 344.7568484949274], [0.006609707451492649, 0.8806515009391829, 526.351797147808]]",,
117,page0026,page0026,1,7,4.50374240392434,0.7845392207273658,0.7245450510430537,0.8553656697662729,3.4348589238144926,8,121,0.25,0.7866889197125787,0.2862190812720848,0.8850409853047446,0.17177776464661684,"(0, 60, 360, 420)","(0, 526, 3157, 3683)","[[0.8850370076993958, -0.002653426406159438, 328.26389682608004], [0.002653426406159438, 0.8850370076993958, 471.172925177807]]",,
118,page0064,page0064,1,2,4.496827304769945,0.774579272127163,0.7735368956743003,0.7756244616709733,2.943634388585476,7,130,0.25,0.7351560460620554,0.127208480565371,0.9197724025809316,-2.9958891620412693,"(120, 280, 360, 520)","(1052, 2456, 3157, 4560)","[[0.9185153378344186, 0.04807126701495662, 95.04501226201124], [-0.04807126701495662, 0.9185153378344186, 412.3133072408979]]",,
119,page0041,page0041,1,4,4.488064721297061,0.7657661570395363,0.6454248366013072,0.9412683536394877,3.421321532303252,7,159,0.3125,0.7815190719480617,0.127208480565371,1.0905488426334304,0.1315750166901733,"(40, 0, 280, 240)","(351, 0, 2456, 2105)","[[1.0905459671124715, -0.0025043529780860237, -227.48357486130212], [0.0025043529780860237, 1.0905459671124715, -276.28135811030364]]",,
120,page0062,page0062,1,1,4.483039425218281,0.7915838025407143,0.6726032588101554,0.9617052023121387,2.6289036754533712,6,79,0.125,0.7873649121484327,0.127208480565371,0.9116729708434115,-1.4883715712867667,"(120, 200, 360, 440)","(1052, 1754, 3157, 3859)","[[0.9113653879848161, 0.0236798511341895, -258.6706669067897], [-0.0236798511341895, 0.9113653879848161, -153.643024610966]]",,
121,page0012,page0012,2,2,4.481808552638635,0.7525981455438229,0.6626093571700267,0.8708708708708709,3.041866738129632,11,170,0.25,0.8175029682136088,0.127208480565371,1.0616846175425032,1.5389999661463634,"(280, 280, 520, 520)","(2456, 2456, 4560, 4560)","[[1.0613016417061598, -0.02851407438759392, 64.66458403131409], [0.02851407438759392, 1.0613016417061598, -629.5387790528929]]",,
122,page0027,page0027,1,4,4.4741643134966305,0.7978115821586178,0.7592681176751973,0.8404775604142692,2.9953054623955593,7,123,0.125,0.8089181377263419,0.2862190812720848,0.8759119420340279,0.16241970630291017,"(180, 300, 540, 660)","(1579, 2631, 4736, 5788)","[[0.8759084226850149, -0.0024829956245317, -172.30843712361718], [0.0024829956245317, 0.8759084226850149, -208.03754216670305]]",,
123,page0042,page0042,1,14,4.453644122691713,0.7412444783973581,0.6283881647010139,0.903512084592145,3.3952944157570277,12,126,0.3125,0.8124208637011802,0.2862190812720848,1.0849540851996915,0.929986537557253,"(60, 180, 420, 540)","(526, 1579, 3683, 4736)","[[1.0848111695171831, -0.017609471379366963, 95.87305755089334], [0.017609471379366963, 1.0848111695171831, 14.235417829512443]]",,
124,page0007,page0007,1,1,4.452228042797991,0.7689730720566162,0.6614496723075418,0.918239505369346,3.293405157485216,7,104,0.25,0.8018884112629657,0.2862190812720848,0.9050506149695733,-0.01264784326683318,"(60, 300, 420, 660)","(526, 2631, 3683, 5788)","[[0.9050505929184582, 0.00019978676145083465, -14.26036629765455], [-0.00019978676145083465, 0.9050505929184582, -40.66425079729626]]",,
125,page0002,page0002,1,6,4.448344753838571,0.7825839119989194,0.6579415690345544,0.9654889071487264,3.0273638414707533,5,123,0.1875,0.8057960322884468,0.2862190812720848,0.8934876243554671,0.25384099250481773,"(0, 420, 360, 780)","(0, 3683, 3157, 6841)","[[0.8934788556378409, -0.0039584598609320575, -39.05035628920133], [0.0039584598609320575, 0.8934788556378409, -84.51888853605003]]",,
126,page0002,page0002,1,8,4.428296973669994,0.7886103377337154,0.6885583372069859,0.9226820324777371,2.923553421156756,6,123,0.125,0.8111834391826634,0.2862190812720848,0.8934876243554671,0.25384099250481773,"(0, 0, 360, 360)","(0, 0, 3157, 3157)","[[0.8934788556378409, -0.0039584598609320575, -39.05035628920133], [0.0039584598609320575, 0.8934788556378409, -84.51888853605003]]",,
127,page0040,page0040,1,6,4.425909150429862,0.7361360298844367,0.6356107660455487,0.8744321868916288,3.1576919620489288,8,138,0.3125,0.8054380551713974,0.127208480565371,0.8515231890678843,-1.2070168553220237,"(200, 280, 440, 520)","(1754, 2456, 3859, 4560)","[[0.8513342456239907, 0.017937216845720652, 313.2844576642019], [-0.017937216845720652, 0.8513342456239907, 695.8199299498654]]",,
128,page0042,page0042,1,2,4.410006829147058,0.76457534554881,0.6535573122529644,0.921027890943278,3.3887791316721407,6,126,0.25,0.8204708873134985,0.127208480565371,1.0849540851996915,0.929986537557253,"(280, 520, 520, 760)","(2456, 4560, 4560, 6665)","[[1.0848111695171831, -0.017609471379366963, 95.87305755089334], [0.017609471379366963, 1.0848111695171831, 14.235417829512443]]",,
129,page0060,page0060,1,13,4.379178249468123,0.772694523898603,0.6997256515775034,0.8626538987688098,2.8357995347116596,7,129,0.125,0.8072906898948244,0.2862190812720848,0.913470172697163,0.09779055014666496,"(0, 300, 360, 660)","(0, 2631, 3157, 5788)","[[0.9134688422035814, -0.001559080059995069, -173.8356886294823], [0.001559080059995069, 0.9134688422035814, -285.59215853352595]]",,
130,page0049,page0049,1,1,4.355755235393404,0.7443592168580395,0.6293421793828629,0.9108181063122923,3.6316367256575988,7,101,0.3125,0.8025043890414318,0.2862190812720848,0.8776124458270798,0.08684558862948351,"(60, 300, 420, 660)","(526, 2631, 3683, 5788)","[[0.8776114376821829, -0.0013302330627109516, -2.2917058362265297], [0.0013302330627109516, 0.8776114376821829, -13.73162365126855]]",,
131,page0040,page0040,2,2,4.35404238358178,0.7555006926035726,0.6457442673921493,0.9102076630593741,3.087427268744705,9,138,0.1875,0.7955802039419673,0.127208480565371,0.8668395422097733,-0.09630055166528328,"(326, 120, 566, 360)","(2859, 1052, 4964, 3157)","[[0.8668383178165946, 0.0014569500149268868, 409.107073120082], [-0.0014569500149268868, 0.8668383178165946, 365.8825624386838]]",,
132,page0049,page0049,1,2,4.32657418915674,0.768902189017335,0.6619630757754709,0.9170502399373225,3.2746004646694082,5,101,0.1875,0.8009027508707255,0.2862190812720848,0.8776124458270798,0.08684558862948351,"(0, 180, 360, 540)","(0, 1579, 3157, 4736)","[[0.8776114376821829, -0.0013302330627109516, -2.2917058362265297], [0.0013302330627109516, 0.8776114376821829, -13.73162365126855]]",,
133,page0020,page0020,1,12,4.300580582480667,0.6963850757145593,0.5459774464542496,0.9611717802045415,4.110679343581328,18,126,0.4375,0.7890104939052041,0.2862190812720848,1.0720318569704652,-0.27484929933865226,"(180, 300, 540, 660)","(1579, 2631, 4736, 5788)","[[1.0720195224898639, 0.00514254413185506, -204.50273902543603], [-0.00514254413185506, 1.0720195224898639, -239.6250182845301]]",,
134,page0057,page0057,1,1,4.255204705955209,0.7630878707615505,0.7319389018852346,0.7970058813045803,3.051330384050446,5,127,0.125,0.8094003658127236,0.127208480565371,1.0787165892256607,0.18488867008741752,"(200, 520, 440, 760)","(1754, 4560, 3859, 6665)","[[1.0787109728995452, -0.003480921826114959, 79.46884606722882], [0.003480921826114959, 1.0787109728995452, 73.74568499596856]]",,
135,page0021,page0021,1,2,4.229800452721242,0.7509110961563131,0.6241463728900914,0.9422913719943423,3.370953554293661,5,83,0.1875,0.8164681831138024,0.127208480565371,1.0779940492914537,0.011694362000029162,"(120, 280, 360, 520)","(1052, 2456, 3157, 4560)","[[1.0779940268374304, -0.00022002410414687912, -217.17909046115017], [0.00022002410414687912, 1.0779940268374304, -263.8692674513168]]",,
136,page0062,page0062,1,3,4.2001123485264,0.7488329848232749,0.6615060688630171,0.8627230046948356,2.9996983484470188,5,79,0.125,0.8167199472400789,0.127208480565371,0.9116729708434115,-1.4883715712867667,"(120, 40, 360, 280)","(1052, 351, 3157, 2456)","[[0.9113653879848161, 0.0236798511341895, -258.6706669067897], [-0.0236798511341895, 0.9113653879848161, -153.643024610966]]",,
137,page0023,page0023,1,5,4.1384353251539405,0.7304745746022866,0.6310405643738977,0.8671057273903329,3.76165644189032,6,158,0.25,0.7873556532924169,0.2862190812720848,1.0720460993712293,-0.4924209322361007,"(180, 300, 540, 660)","(1579, 2631, 4736, 5788)","[[1.0720065072710854, 0.009213443738143081, -242.51494127865652], [-0.009213443738143081, 1.0720065072710854, -180.07976487643538]]",,
138,page0047,page0047,1,5,4.076474612385962,0.7464098005221493,0.6223281562355836,0.932293199882249,3.4761664534722527,5,133,0.125,0.7964347052028736,0.127208480565371,1.0812677064301581,0.018981955228389864,"(40, 520, 280, 760)","(351, 4560, 2456, 6665)","[[1.0812676470912082, -0.00035822140814435136, -183.3980334119483], [0.00035822140814435136, 1.0812676470912082, -262.96059183959494]]",,
139,page0042,page0042,1,13,4.063070861169683,0.7158069322549239,0.5910568566310621,0.9073052603255751,4.030745998568354,9,126,0.25,0.7985939855618113,0.2862190812720848,1.0849540851996915,0.929986537557253,"(0, 60, 360, 420)","(0, 526, 3157, 3683)","[[1.0848111695171831, -0.017609471379366963, 95.87305755089334], [0.017609471379366963, 1.0848111695171831, 14.235417829512443]]",,
140,page0037,page0037,1,1,4.05128576966146,0.743786306256507,0.7747014115092291,0.7152439024390244,3.8187559656978864,8,113,0.125,0.8061731027976947,0.127208480565371,0.8779403298462127,-1.4238429164692188,"(120, 200, 360, 440)","(1052, 1754, 3157, 3859)","[[0.877669253547716, 0.021815227421962943, -297.35449778039987], [-0.021815227421962943, 0.877669253547716, -123.71687060888097]]",,
141,page0060,page0060,1,7,4.039503121398332,0.7095734562608147,0.6355072463768116,0.8031815346225827,3.6736729493541054,6,129,0.25,0.7723265150980527,0.127208480565371,0.913470172697163,0.09779055014666496,"(200, 120, 440, 360)","(1754, 1052, 3859, 3157)","[[0.9134688422035814, -0.001559080059995069, -173.8356886294823], [0.001559080059995069, 0.9134688422035814, -285.59215853352595]]",,
142,page0033,page0033,1,6,4.021144793567765,0.6929004322078864,0.5594694498804088,0.9099099099099099,3.839225443135193,13,125,0.25,0.7910010520019247,0.127208480565371,0.8510852355175391,0.19039854836239956,"(0, 0, 240, 240)","(0, 0, 2105, 2105)","[[0.8510805363096076, -0.002828220446801171, -153.3812222607814], [0.002828220446801171, 0.8510805363096076, -241.60011565789554]]",,
143,page0002,page0002,1,4,3.987913960630702,0.725894529982669,0.5819422006821038,0.9644712990936556,3.850810785640199,5,123,0.1875,0.7904279144225373,0.2862190812720848,0.8934876243554671,0.25384099250481773,"(180, 300, 540, 660)","(1579, 2631, 4736, 5788)","[[0.8934788556378409, -0.0039584598609320575, -39.05035628920133], [0.0039584598609320575, 0.8934788556378409, -84.51888853605003]]",,
144,page0064,page0064,1,1,3.9846216940215666,0.7285648083152518,0.6111040204211869,0.9019244145606307,3.4485528816477284,5,130,0.125,0.7862463655843583,0.127208480565371,0.9197724025809316,-2.9958891620412693,"(40, 360, 280, 600)","(351, 3157, 2456, 5262)","[[0.9185153378344186, 0.04807126701495662, 95.04501226201124], [-0.04807126701495662, 0.9185153378344186, 412.3133072408979]]",,
145,page0034,page0034,1,8,3.9650706049462956,0.7290541571708843,0.6557352612357457,0.8208329069886422,3.718354222056258,6,139,0.125,0.8030768070206107,0.2862190812720848,0.8975139848238316,1.94183429927027,"(0, 60, 360, 420)","(0, 526, 3157, 3683)","[[0.8969985797031081, -0.030412184481877696, -105.53787587753882], [0.030412184481877696, 0.8969985797031081, -372.41746885725297]]",,
146,page0041,page0041,1,9,3.9554367570341076,0.7048842803575365,0.5702596380802518,0.9227152512488981,3.7117745952805206,7,159,0.1875,0.8032341116261863,0.127208480565371,1.0905488426334304,0.1315750166901733,"(0, 120, 240, 360)","(0, 1052, 2105, 3157)","[[1.0905459671124715, -0.0025043529780860237, -227.48357486130212], [0.0025043529780860237, 1.0905459671124715, -276.28135811030364]]",,
147,page0025,page0025,1,4,3.9519930793706965,0.7149188799373349,0.733569907735983,0.6971927422115713,3.6914947995509673,5,129,0.1875,0.7742956291085604,0.127208480565371,0.8806763050854893,0.43002394190171495,"(280, 360, 520, 600)","(2456, 3157, 4560, 5262)","[[0.8806515009391829, -0.006609707451492649, 344.7568484949274], [0.006609707451492649, 0.8806515009391829, 526.351797147808]]",,
148,page0047,page0047,1,14,3.9064310786249443,0.6941638864637495,0.6148705737767878,0.796936274509804,4.190530573005715,7,133,0.25,0.8114809698821998,0.2862190812720848,1.0812677064301581,0.018981955228389864,"(180, 420, 540, 780)","(1579, 3683, 4736, 6841)","[[1.0812676470912082, -0.00035822140814435136, -183.3980334119483], [0.00035822140814435136, 1.0812676470912082, -262.96059183959494]]",,
149,page0047,page0047,1,13,3.8735057767626997,0.6935412576770509,0.6239497512031976,0.7806051398911255,4.546930787686991,10,133,0.25,0.8155477664737986,0.2862190812720848,1.0812677064301581,0.018981955228389864,"(206, 300, 566, 660)","(1807, 2631, 4964, 5788)","[[1.0812676470912082, -0.00035822140814435136, -183.3980334119483], [0.00035822140814435136, 1.0812676470912082, -262.96059183959494]]",,
150,page0020,page0020,1,20,3.8198347387582787,0.7051026095768937,0.5621848739495798,0.9454545454545454,3.681945336776638,5,126,0.125,0.785249527402213,0.2862190812720848,1.0720318569704652,-0.27484929933865226,"(60, 420, 420, 780)","(526, 3683, 3683, 6841)","[[1.0720195224898639, 0.00514254413185506, -204.50273902543603], [-0.00514254413185506, 1.0720195224898639, -239.6250182845301]]",,
151,page0019,page0019,1,1,3.707348897996405,0.6670316354303515,0.5535026943802925,0.8391496189330124,3.5304859128905823,6,105,0.125,0.8215983569201581,0.127208480565371,1.0783376043183666,-3.55059418129991,"(200, 440, 440, 680)","(1754, 3859, 3859, 5964)","[[1.0762677366679363, 0.06678134391244088, -334.9819058981418], [-0.06678134391244088, 1.0762677366679363, -12.980001373755123]]",,
152,page0016,page0016,1,2,3.7072086017818577,0.687289062533007,0.5392757660167131,0.9472882388787325,4.413731915889787,8,176,0.1875,0.7607409037680418,0.127208480565371,1.0807965500651378,0.07414965356949786,"(0, 280, 240, 520)","(0, 2456, 2105, 4560)","[[1.0807956449853189, -0.0013987185108056172, -431.7749119682051], [0.0013987185108056172, 1.0807956449853189, -750.7655222823277]]",,
153,page0065,page0065,1,2,3.703718938681341,0.6783494210624748,0.6148003894839338,0.756550496056983,4.52869972361062,6,132,0.25,0.7615032002555673,0.127208480565371,0.8802217825856657,2.045556876082632,"(200, 120, 440, 360)","(1754, 1052, 3859, 3157)","[[0.8796608717369764, -0.03141874079637438, -20.374604197011887], [0.03141874079637438, 0.8796608717369764, -319.6343159135149]]",,
154,page0047,page0047,1,6,3.7018709130932494,0.6915149211009083,0.6755667506297229,0.7082342770693754,4.150881557098668,7,133,0.125,0.7967995425085772,0.127208480565371,1.0812677064301581,0.018981955228389864,"(200, 200, 440, 440)","(1754, 1754, 3859, 3859)","[[1.0812676470912082, -0.00035822140814435136, -183.3980334119483], [0.00035822140814435136, 1.0812676470912082, -262.96059183959494]]",,
155,page0065,page0065,1,3,3.66964408330243,0.6865934605168664,0.564669580869118,0.8756684491978609,5.507948302229455,8,132,0.3125,0.7573118648545528,0.127208480565371,0.8802217825856657,2.045556876082632,"(200, 0, 440, 240)","(1754, 0, 3859, 2105)","[[0.8796608717369764, -0.03141874079637438, -20.374604197011887], [0.03141874079637438, 0.8796608717369764, -319.6343159135149]]",,
156,page0016,page0016,1,3,3.475348278803773,0.664961335015914,0.523054114158636,0.9125373134328358,4.877721498078923,5,176,0.1875,0.7872809587907758,0.127208480565371,1.0807965500651378,0.07414965356949786,"(0, 440, 240, 680)","(0, 3859, 2105, 5964)","[[1.0807956449853189, -0.0013987185108056172, -431.7749119682051], [0.0013987185108056172, 1.0807956449853189, -750.7655222823277]]",,
157,page0012,page0012,2,3,3.4419263296442173,0.6535067245639343,0.5411748745082079,0.8246873552570635,4.336720024060421,11,170,0.0625,0.8122473920775872,0.127208480565371,1.0616846175425032,1.5389999661463634,"(326, 200, 566, 440)","(2859, 1754, 4964, 3859)","[[1.0613016417061598, -0.02851407438759392, 64.66458403131409], [0.02851407438759392, 1.0613016417061598, -629.5387790528929]]",,
158,page0021,page0021,1,10,3.4391190493409103,0.6438353246759003,0.5233196159122085,0.8364657066145961,5.093410319358784,7,83,0.25,0.7676143810394815,0.2862190812720848,1.0779940492914537,0.011694362000029162,"(206, 60, 566, 420)","(1807, 526, 4964, 3683)","[[1.0779940268374304, -0.00022002410414687912, -217.17909046115017], [0.00022002410414687912, 1.0779940268374304, -263.8692674513168]]",,
159,page0007,page0007,1,2,3.257170326218712,0.6200835759861721,0.45132817753866844,0.990403927694711,5.497439475138944,7,104,0.25,0.7896341953925746,0.2862190812720848,0.9050506149695733,-0.01264784326683318,"(0, 0, 360, 360)","(0, 0, 3157, 3157)","[[0.9050505929184582, 0.00019978676145083465, -14.26036629765455], [-0.00019978676145083465, 0.9050505929184582, -40.66425079729626]]",,
160,page0064,page0064,1,4,3.1241978944008397,0.5930714164154621,0.49876779846659364,0.731350114416476,4.314824322707778,5,130,0.125,0.7741181756971472,0.127208480565371,0.9197724025809316,-2.9958891620412693,"(200, 440, 440, 680)","(1754, 3859, 3859, 5964)","[[0.9185153378344186, 0.04807126701495662, 95.04501226201124], [-0.04807126701495662, 0.9185153378344186, 412.3133072408979]]",,
161,page0014,page0014,1,5,2.920683713905338,0.601737537929649,0.48562982427327966,0.7908097686375322,6.359376676328105,5,86,0.25,0.7423252790191839,0.127208480565371,1.084323598236305,0.0742939357250527,"(120, 120, 360, 360)","(1052, 1052, 3157, 3157)","[[1.0843226866656845, -0.0014060135986003592, -163.09280493514325], [0.0014060135986003592, 1.0843226866656845, -145.12903915236504]]",,
162,page0054,page0015,1,2,1.4375832712163787,0.38933249857658475,0.285926688397095,0.6099058534588621,7.45037808730284,6,108,0.0625,0.8171714723842318,0.2862190812720848,0.9350027083875372,-2.9493755401920803,"(206, 60, 566, 420)","(1807, 526, 4964, 3683)","[[0.9337641917218948, 0.04810923975689313, 1743.9710010407741], [-0.04810923975689313, 0.9337641917218948, 568.6070853862223]]",,
