rank,name,page,source_page,line_x,line_y,rough_x,rough_y,dx,dy,line_ink,edge_f1,chamfer,match_score,decision,notes
1,kuripm_0023_l0960_4800_r1104_4952.jpg,0023,page0023.clip,960,4800,1104,4952,144,152,0.012877604166666667,0.9559773622811557,1.866121530532837,4.745206962638398,,
2,kuripm_0020_l0000_1920_r0080_1984.jpg,0020,page0020.clip,0,1920,80,1984,80,64,0.015125868055555556,0.8532148094395815,3.8350354433059692,3.777342691641022,,
3,kuripm_0023_l0960_5760_r1104_5888.jpg,0023,page0023.clip,960,5760,1104,5888,144,128,0.03202690972222222,0.7697653379382958,4.23940122127533,3.331056727787982,,
4,kuripm_0023_l2880_5760_r2968_5856.jpg,0023,page0023.clip,2880,5760,2968,5856,88,96,0.017938368055555556,0.7625196372391785,5.237275719642639,3.285179806312646,,
5,kuripm_0032_l2880_0960_r2824_1064.jpg,0032,page0032.clip,2880,960,2824,1064,-56,104,0.01368923611111111,0.7710575215715273,5.650025248527527,3.1813805601418865,,
6,kuripm_0034_l2880_5760_r3008_5936.jpg,0034,page0034.clip,2880,5760,3008,5936,128,176,0.1082638888888889,0.7165597625676084,5.454812049865723,3.0858093826355804,,
7,kuripm_0032_l3840_1920_r3736_1984.jpg,0032,page0032.clip,3840,1920,3736,1984,-104,64,0.03533420138888889,0.7209593386421161,5.151689052581787,3.049759694492907,,
8,kuripm_0009_l3840_1920_r3872_1976.jpg,0009,page0009.clip,3840,1920,3872,1976,32,56,0.01765625,0.693706895481757,4.080249667167664,3.048997461117533,,
9,kuripm_0005_l3840_3840_r3888_4016.jpg,0005,page0005.clip,3840,3840,3888,4016,48,176,0.04966145833333333,0.6743433315977836,5.157957077026367,2.9724244364878425,,
10,kuripm_0033_l0960_5760_r1136_5888.jpg,0033,page0033.clip,960,5760,1136,5888,176,128,0.045108506944444446,0.6882899846782996,5.258618235588074,2.9440859745728174,,
11,kuripm_0016_l0000_4800_r0000_4936.jpg,0016,page0016.clip,0,4800,0,4936,0,136,0.016032986111111112,0.7840724096328415,6.19274365901947,2.9328418385196717,,
12,kuripm_0005_l1920_5760_r2024_5872.jpg,0005,page0005.clip,1920,5760,2024,5872,104,112,0.017786458333333335,0.6732241310883773,4.89836061000824,2.9021558756018306,,
13,kuripm_0034_l3840_5760_r3944_5928.jpg,0034,page0034.clip,3840,5760,3944,5928,104,168,0.029900173611111112,0.7120187180228906,5.571549892425537,2.893128473440404,,
14,kuripm_0002_l1920_3840_r1864_3720.jpg,0002,page0002.clip,1920,3840,1864,3720,-56,-120,0.08286024305555556,0.6846923000730709,5.795140981674194,2.8884584771694977,,
15,kuripm_0034_l1920_5760_r2080_5920.jpg,0034,page0034.clip,1920,5760,2080,5920,160,160,0.03195746527777778,0.6583642290274472,4.921173572540283,2.883016867363566,,
16,kuripm_0033_l1920_4800_r2064_4960.jpg,0033,page0033.clip,1920,4800,2064,4960,144,160,0.02684027777777778,0.6575029337271622,5.229126930236816,2.872331054913778,,
17,kuripm_0001_l1920_2880_r1960_2856.jpg,0001,page0001.clip,1920,2880,1960,2856,40,-24,0.029557291666666666,0.6905976251727083,5.928099870681763,2.8601646331303394,,
18,kuripm_0037_l0000_3840_r0152_4000.jpg,0037,page0037.clip,0,3840,152,4000,152,160,0.022152777777777778,0.7156402609788219,6.157286167144775,2.8301022563929528,,
19,kuripm_0032_l3840_5760_r3768_5632.jpg,0032,page0032.clip,3840,5760,3768,5632,-72,-128,0.026762152777777777,0.6384904054384304,4.999983310699463,2.818945293636017,,
20,kuripm_0032_l0960_1920_r1000_1984.jpg,0032,page0032.clip,960,1920,1000,1984,40,64,0.023307291666666667,0.7128717887458368,5.878861904144287,2.815193698063082,,
21,kuripm_0032_l1920_2880_r1920_2896.jpg,0032,page0032.clip,1920,2880,1920,2896,0,16,0.03201822916666667,0.6966202451144665,6.41298508644104,2.7932512195716095,,
22,kuripm_0032_l3840_2880_r3752_2904.jpg,0032,page0032.clip,3840,2880,3752,2904,-88,24,0.025151909722222223,0.6792198703551108,5.447834014892578,2.786379583630224,,
23,kuripm_0033_l1920_5760_r2080_5880.jpg,0033,page0033.clip,1920,5760,2080,5880,160,120,0.017122395833333335,0.6655206408338974,5.822407484054565,2.781543478404759,,
24,kuripm_0011_l0960_4800_r1104_4968.jpg,0011,page0011.clip,960,4800,1104,4968,144,168,0.05552951388888889,0.6630237634593694,5.236788630485535,2.676612599735525,,
25,kuripm_0009_l0960_4800_r0944_4872.jpg,0009,page0009.clip,960,4800,944,4872,-16,72,0.02326388888888889,0.6940719359721803,6.566643714904785,2.6674355738891937,,
26,kuripm_0020_l0960_0960_r1008_0832.jpg,0020,page0020.clip,960,960,1008,832,48,-128,0.01720920138888889,0.6785596811089841,6.829700231552124,2.5223380657542394,,
27,kuripm_0032_l1920_0960_r1912_1048.jpg,0032,page0032.clip,1920,960,1912,1048,-8,88,0.022352430555555556,0.6454009742023631,6.58018946647644,2.4195602946489863,,
28,kuripm_0040_l0960_3840_r0880_4016.jpg,0040,page0040.clip,960,3840,880,4016,-80,176,0.047838541666666665,0.6593087686980676,6.277177095413208,2.41299788891187,,
29,kuripm_0011_l0960_2880_r1120_3056.jpg,0011,page0011.clip,960,2880,1120,3056,160,176,0.03009548611111111,0.6033058706528783,5.191782474517822,2.4106136676830956,,
30,kuripm_0005_l1920_3840_r2040_4016.jpg,0005,page0005.clip,1920,3840,2040,4016,120,176,0.05459201388888889,0.6165120527706612,6.66834568977356,2.3503632225513154,,
31,kuripm_0032_l2880_5760_r2848_5648.jpg,0032,page0032.clip,2880,5760,2848,5648,-32,-112,0.059756944444444446,0.6045502476255431,6.7592453956604,2.287326742028512,,
32,kuripm_0040_l1920_5760_r1816_5928.jpg,0040,page0040.clip,1920,5760,1816,5928,-104,168,0.061549479166666664,0.6041655679450595,6.968719720840454,2.273770603325872,,
33,kuripm_0025_l3840_0960_r3752_0960.jpg,0025,page0025.clip,3840,960,3752,960,-88,0,0.014309895833333334,0.6148679944418712,5.083560466766357,2.2460698541036934,,
34,kuripm_0033_l2880_4800_r2992_4960.jpg,0033,page0033.clip,2880,4800,2992,4960,112,160,0.037269965277777775,0.6374382548309842,7.674251556396484,2.207166271293458,,
35,kuripm_0009_l2880_3840_r2864_3816.jpg,0009,page0009.clip,2880,3840,2864,3816,-16,-24,0.06578993055555556,0.6216114687952818,6.7440584897994995,2.1946435324621927,,
36,kuripm_0032_l1920_3840_r1920_3808.jpg,0032,page0032.clip,1920,3840,1920,3808,0,-32,0.018936631944444445,0.6209489514933276,7.867963075637817,2.1542939918301327,,
37,kuripm_0029_l0000_0960_r0128_1032.jpg,0029,page0029.clip,0,960,128,1032,128,72,0.05283854166666667,0.6242119075995446,7.258152484893799,2.1473308525685626,,
38,kuripm_0005_l2880_3840_r2952_4016.jpg,0005,page0005.clip,2880,3840,2952,4016,72,176,0.03529079861111111,0.6457699964583824,8.038004398345947,2.10623400618716,,
39,kuripm_0032_l2880_4800_r2832_4720.jpg,0032,page0032.clip,2880,4800,2832,4720,-48,-80,0.04384548611111111,0.5961982093555414,7.627718210220337,2.1038880180771273,,
40,kuripm_0040_l0960_5760_r0872_5928.jpg,0040,page0040.clip,960,5760,872,5928,-88,168,0.09519965277777778,0.5985122547261648,7.5638697147369385,2.095047811661707,,
41,kuripm_0005_l3840_4800_r3880_4952.jpg,0005,page0005.clip,3840,4800,3880,4952,40,152,0.04044704861111111,0.572935564240074,6.965412139892578,2.0941755707635137,,
42,kuripm_0023_l1920_3840_r2032_4016.jpg,0023,page0023.clip,1920,3840,2032,4016,112,176,0.06713107638888889,0.5773617762298651,6.963852643966675,2.0854545446125665,,
43,kuripm_0015_l0000_3840_r0144_3984.jpg,0015,page0015.clip,0,3840,144,3984,144,144,0.05743923611111111,0.5914147959539405,7.087426066398621,2.083868727233862,,
44,kuripm_0025_l1920_4800_r1928_4696.jpg,0025,page0025.clip,1920,4800,1928,4696,8,-104,0.03204427083333333,0.6017296373379917,7.676359415054321,2.0784502008633585,,
45,kuripm_0040_l1920_0000_r1856_0168.jpg,0040,page0040.clip,1920,0,1856,168,-64,168,0.02506076388888889,0.6556518118195304,7.819433212280273,2.0482104199665256,,
46,kuripm_0011_l2880_2880_r2992_3056.jpg,0011,page0011.clip,2880,2880,2992,3056,112,176,0.030299479166666667,0.5620123191649714,6.776889324188232,2.0306871230022647,,
47,kuripm_0005_l0960_4800_r1112_4928.jpg,0005,page0005.clip,960,4800,1112,4928,152,128,0.027821180555555554,0.5983522142121525,7.290812373161316,1.9757592664442176,,
48,kuripm_0032_l1920_5760_r1904_5632.jpg,0032,page0032.clip,1920,5760,1904,5632,-16,-128,0.015625,0.5957724773699117,7.6013405323028564,1.9737949472464478,,
49,kuripm_0001_l0960_1920_r1000_1792.jpg,0001,page0001.clip,960,1920,1000,1792,40,-128,0.019639756944444444,0.6332555875093407,7.877686500549316,1.9641887368032611,,
50,kuripm_0032_l3840_0960_r3744_1048.jpg,0032,page0032.clip,3840,960,3744,1048,-96,88,0.019600694444444445,0.6200139931931417,8.514189004898071,1.9637161097630964,,
51,kuripm_0032_l0960_4800_r1008_4712.jpg,0032,page0032.clip,960,4800,1008,4712,48,-88,0.016197916666666666,0.6050975870368973,8.685949087142944,1.9286363781599063,,
52,kuripm_0029_l3840_3840_r3888_3912.jpg,0029,page0029.clip,3840,3840,3888,3912,48,72,0.04467881944444444,0.6430595966477022,8.301207304000854,1.9270074695843267,,
53,kuripm_0040_l1920_1920_r1848_2080.jpg,0040,page0040.clip,1920,1920,1848,2080,-72,160,0.023363715277777777,0.6321095910973652,8.873335361480713,1.9244180121053736,,
54,kuripm_0011_l0960_3840_r1112_4016.jpg,0011,page0011.clip,960,3840,1112,4016,152,176,0.09578993055555556,0.5724779370754509,7.549066543579102,1.9156770874768856,,
55,kuripm_0028_l1920_5760_r2088_5928.jpg,0028,page0028.clip,1920,5760,2088,5928,168,168,0.10118489583333333,0.5789314685608608,8.087630987167358,1.8701030173314654,,
56,kuripm_0020_l2880_5760_r2936_5704.jpg,0020,page0020.clip,2880,5760,2936,5704,56,-56,0.06261284722222223,0.5738591418877423,7.684910774230957,1.8608283220754502,,
57,kuripm_0008_l1920_1920_r1864_1784.jpg,0008,page0008.clip,1920,1920,1864,1784,-56,-136,0.03825520833333333,0.5692932582639322,7.739953994750977,1.8383687702424036,,
58,kuripm_0023_l0000_4800_r0160_4944.jpg,0023,page0023.clip,0,4800,160,4944,160,144,0.012717013888888889,0.6279955312774307,8.313316822052002,1.8246408653963662,,
59,kuripm_0032_l4481_2880_r4369_2896.jpg,0032,page0032.clip,4481,2880,4369,2896,-112,16,0.018993055555555555,0.5926983315418478,8.270021438598633,1.819136023803732,,
60,kuripm_0005_l3840_1920_r3872_2024.jpg,0005,page0005.clip,3840,1920,3872,2024,32,104,0.017821180555555555,0.6544108748483154,9.187570095062256,1.79406965952288,,
61,kuripm_0009_l3840_3840_r3888_3760.jpg,0009,page0009.clip,3840,3840,3888,3760,48,-80,0.017682291666666666,0.598702710531031,8.178546667098999,1.7940493533718431,,
62,kuripm_0032_l1920_1920_r1920_1976.jpg,0032,page0032.clip,1920,1920,1920,1976,0,56,0.03404079861111111,0.58493679067874,8.012789011001587,1.7919911989638393,,
63,kuripm_0009_l0960_2880_r0960_2896.jpg,0009,page0009.clip,960,2880,960,2896,0,16,0.059453125,0.6010361908866768,8.75833511352539,1.761937000846106,,
64,kuripm_0031_l1920_4800_r2056_4952.jpg,0031,page0031.clip,1920,4800,2056,4952,136,152,0.025607638888888888,0.640410635115807,8.854411363601685,1.7550546669049365,,
65,kuripm_0032_l1920_4800_r1920_4712.jpg,0032,page0032.clip,1920,4800,1920,4712,0,-88,0.0439453125,0.5554247215562502,8.326514959335327,1.748886019433956,,
66,kuripm_0025_l0000_3840_r0016_3760.jpg,0025,page0025.clip,0,3840,16,3760,16,-80,0.010399305555555556,0.5680545658149242,7.788431644439697,1.7487232896822902,,
67,kuripm_0008_l2880_4800_r2816_4712.jpg,0008,page0008.clip,2880,4800,2816,4712,-64,-88,0.039088541666666664,0.5521814350820268,7.478978633880615,1.737917876648668,,
68,kuripm_0036_l2880_3840_r2976_4008.jpg,0036,page0036.clip,2880,3840,2976,4008,96,168,0.05583333333333333,0.5973125690584646,9.109035968780518,1.7338450479907617,,
69,kuripm_0033_l3840_4800_r3896_4976.jpg,0033,page0033.clip,3840,4800,3896,4976,56,176,0.04731770833333333,0.5318463924497292,7.64733624458313,1.7068789377969136,,
70,kuripm_0019_l2880_4800_r2712_4848.jpg,0019,page0019.clip,2880,4800,2712,4848,-168,48,0.046362847222222225,0.5436936735253819,7.824169397354126,1.7010545923164224,,
71,kuripm_0016_l1920_1920_r1840_2088.jpg,0016,page0016.clip,1920,1920,1840,2088,-80,168,0.04216145833333333,0.563611967224119,8.513345718383789,1.6738254771287715,,
72,kuripm_0008_l0960_2880_r0880_2784.jpg,0008,page0008.clip,960,2880,880,2784,-80,-96,0.01466579861111111,0.5779333297949065,8.432228803634644,1.6519024410272727,,
73,kuripm_0008_l1920_5760_r1936_5616.jpg,0008,page0008.clip,1920,5760,1936,5616,16,-144,0.021453993055555554,0.5273574212266174,7.575829267501831,1.651098250325103,,
74,kuripm_0034_l1920_4800_r2096_4976.jpg,0034,page0034.clip,1920,4800,2096,4976,176,176,0.014453125,0.4873815288245056,6.4369988441467285,1.6200993930554508,,
75,kuripm_0008_l3840_2880_r3776_2752.jpg,0008,page0008.clip,3840,2880,3776,2752,-64,-128,0.047174479166666665,0.5745380544809219,8.58858871459961,1.6193515371590173,,
76,kuripm_0040_l2880_2880_r2752_3056.jpg,0040,page0040.clip,2880,2880,2752,3056,-128,176,0.06703125,0.5326212724261393,8.318060874938965,1.6168889831502118,,
77,kuripm_0009_l2880_4800_r2960_4832.jpg,0009,page0009.clip,2880,4800,2960,4832,80,32,0.06726996527777777,0.5801042115666162,8.796755313873291,1.6045542657832157,,
78,kuripm_0033_l0960_3840_r1136_3936.jpg,0033,page0033.clip,960,3840,1136,3936,176,96,0.03322482638888889,0.5616924225238803,8.000003099441528,1.601093903383751,,
79,kuripm_0029_l0000_2880_r0176_2912.jpg,0029,page0029.clip,0,2880,176,2912,176,32,0.018806423611111112,0.535317143777833,7.978480577468872,1.584405843422211,,
80,kuripm_0002_l1920_2880_r1888_2752.jpg,0002,page0002.clip,1920,2880,1888,2752,-32,-128,0.08309027777777778,0.5177063966764943,8.251907110214233,1.5630476212805502,,
81,kuripm_0025_l0960_2880_r0984_2784.jpg,0025,page0025.clip,960,2880,984,2784,24,-96,0.041805555555555554,0.5433448732181311,8.807441234588623,1.5620110744927056,,
82,kuripm_0006_l2880_2880_r3024_3056.jpg,0006,page0006.clip,2880,2880,3024,3056,144,176,0.043715277777777777,0.5134998823173397,8.289886236190796,1.5325078126210079,,
83,kuripm_0029_l0960_3840_r1112_3928.jpg,0029,page0029.clip,960,3840,1112,3928,152,88,0.03631510416666667,0.5576664347581565,9.256558895111084,1.5282347151799867,,
84,kuripm_0001_l1920_4800_r1976_4808.jpg,0001,page0001.clip,1920,4800,1976,4808,56,8,0.06634548611111112,0.5202474314562834,8.627745628356934,1.5043887255489752,,
85,kuripm_0019_l3840_2880_r3664_2960.jpg,0019,page0019.clip,3840,2880,3664,2960,-176,80,0.06527777777777778,0.5487086603636302,8.564769983291626,1.4737297444407442,,
86,kuripm_0010_l1920_4800_r2096_4976.jpg,0010,page0010.clip,1920,4800,2096,4976,176,176,0.0359765625,0.5118779350275497,8.264035701751709,1.460986867488606,,
87,kuripm_0008_l2880_5760_r2824_5720.jpg,0008,page0008.clip,2880,5760,2824,5720,-56,-40,0.019934895833333334,0.572784595565801,9.186938762664795,1.4472437879551523,,
88,kuripm_0005_l4481_2880_r4321_2848.jpg,0005,page0005.clip,4481,2880,4321,2848,-160,-32,0.04945746527777778,0.5069575884306129,8.228662490844727,1.4456658982204935,,
89,kuripm_0009_l1920_4800_r1912_4848.jpg,0009,page0009.clip,1920,4800,1912,4848,-8,48,0.07551649305555555,0.5186409324261521,9.033066511154175,1.4110823734298739,,
90,kuripm_0006_l0960_2880_r0800_3024.jpg,0006,page0006.clip,960,2880,800,3024,-160,144,0.06019965277777778,0.5410817027248437,8.427165269851685,1.3902984600455397,,
91,kuripm_0009_l2880_5760_r2896_5728.jpg,0009,page0009.clip,2880,5760,2896,5728,16,-32,0.0450390625,0.577076246712476,9.506672143936157,1.3829260360536837,,
92,kuripm_0015_l0000_4800_r0120_4920.jpg,0015,page0015.clip,0,4800,120,4920,120,120,0.01825520833333333,0.5784763377738231,10.235080242156982,1.37996999110364,,
93,kuripm_0001_l1920_1920_r1960_1872.jpg,0001,page0001.clip,1920,1920,1960,1872,40,-48,0.0628515625,0.5073114471297177,9.027823448181152,1.3628042539513179,,
94,kuripm_0001_l1920_5760_r1984_5736.jpg,0001,page0001.clip,1920,5760,1984,5736,64,-24,0.08168836805555556,0.5093582153431,9.043982028961182,1.342809320139083,,
95,kuripm_0001_l3840_0960_r3920_0912.jpg,0001,page0001.clip,3840,960,3920,912,80,-48,0.03289930555555556,0.4822127531234561,8.672006368637085,1.2952430355260494,,
96,kuripm_0002_l0960_3840_r0912_3736.jpg,0002,page0002.clip,960,3840,912,3736,-48,-104,0.11743055555555555,0.502708801627963,9.374031066894531,1.2067368529795492,,
97,kuripm_0026_l2880_4800_r2896_4800.jpg,0026,page0026.clip,2880,4800,2896,4800,16,0,0.03685329861111111,0.5373019888154318,10.203924179077148,1.1686011268896217,,
98,kuripm_0019_l1920_2880_r1760_2904.jpg,0019,page0019.clip,1920,2880,1760,2904,-160,24,0.017621527777777778,0.526548648337869,9.155886888504028,1.1575322069726695,,
99,kuripm_0039_l3840_5760_r3728_5880.jpg,0039,page0039.clip,3840,5760,3728,5880,-112,120,0.012565104166666667,0.5342944082037727,10.367370247840881,1.126206266812818,,
100,kuripm_0015_l0960_4800_r1136_4928.jpg,0015,page0015.clip,960,4800,1136,4928,176,128,0.027235243055555556,0.5303611669407393,10.156277179718018,1.1141039561991106,,
101,kuripm_0001_l1920_0960_r1952_0904.jpg,0001,page0001.clip,1920,960,1952,904,32,-56,0.04470920138888889,0.48753208599372805,9.771446943283081,1.0925488856479837,,
102,kuripm_0001_l2880_2880_r2976_2880.jpg,0001,page0001.clip,2880,2880,2976,2880,96,0,0.06697916666666667,0.5174132079280532,9.746670246124268,1.0816658704808804,,
103,kuripm_0019_l0960_0960_r0784_0976.jpg,0019,page0019.clip,960,960,784,976,-176,16,0.06112847222222222,0.48397229482207954,10.065736770629883,1.0497386575613867,,
104,kuripm_0013_l3840_3840_r3736_4000.jpg,0013,page0013.clip,3840,3840,3736,4000,-104,160,0.030785590277777778,0.4931003994891588,9.602171421051025,1.0224626575876683,,
105,kuripm_0015_l3840_1920_r3984_1992.jpg,0015,page0015.clip,3840,1920,3984,1992,144,72,0.016922743055555557,0.49282648814862434,10.011311769485474,1.0217756192210783,,
106,kuripm_0001_l2880_4800_r2968_4736.jpg,0001,page0001.clip,2880,4800,2968,4736,88,-64,0.08424479166666667,0.5042654230472434,10.115663528442383,1.0210001568166074,,
107,kuripm_0022_l0000_1920_r0112_1832.jpg,0022,page0022.clip,0,1920,112,1832,112,-88,0.010217013888888888,0.49975582539871305,10.178593158721924,0.9756915944928317,,
108,kuripm_0012_l0000_5760_r0064_5768.jpg,0012,page0012.clip,0,5760,64,5768,64,8,0.024171006944444445,0.48547343655082736,8.78429388999939,0.9688849895383498,,
109,kuripm_0038_l0000_3840_r0032_3720.jpg,0038,page0038.clip,0,3840,32,3720,32,-120,0.011684027777777778,0.5487127189968877,10.360812187194824,0.9376677034477161,,
110,kuripm_0001_l0000_4800_r0016_4784.jpg,0001,page0001.clip,0,4800,16,4784,16,-16,0.04684027777777778,0.4924117835867086,9.61449146270752,0.9337177651143429,,
111,kuripm_0031_l0960_0960_r1128_1136.jpg,0031,page0031.clip,960,960,1128,1136,168,176,0.033606770833333334,0.49331944397614197,9.374906539916992,0.9292153326746946,,
112,kuripm_0039_l3840_0960_r3984_1136.jpg,0039,page0039.clip,3840,960,3984,1136,144,176,0.020199652777777778,0.5099175461987085,9.304547309875488,0.9239521520532414,,
113,kuripm_0028_l2880_5760_r2960_5928.jpg,0028,page0028.clip,2880,5760,2960,5928,80,168,0.0159765625,0.49155288127748203,9.999024629592896,0.8581481922334258,,
114,kuripm_0009_l0960_3840_r0984_3864.jpg,0009,page0009.clip,960,3840,984,3864,24,24,0.07103732638888889,0.4925227211841772,10.398967504501343,0.819886734755116,,
115,kuripm_0006_l0000_2880_r0144_2896.jpg,0006,page0006.clip,0,2880,144,2896,144,16,0.05688802083333333,0.4802838979301674,10.17004919052124,0.8120818222366268,,
