rank,page,source_page,line_x,line_y,rough_x,rough_y,dx,dy,line_ink,line_edges,rough_edges,rough_std,edge_f1,chamfer,orientation_entropy,match_score
1,0023,page0023.clip,960,4800,1104,4952,144,152,0.012877604166666667,1023,1532,11.03352610685356,0.9559773622811557,1.866121530532837,0.42318057167398365,4.745206962638398
2,0020,page0020.clip,0,1920,80,1984,80,64,0.015125868055555556,815,1172,14.24657108570549,0.8532148094395815,3.8350354433059692,0.3478446663803858,3.777342691641022
3,0023,page0023.clip,960,5760,1104,5888,144,128,0.03202690972222222,1147,3149,12.210170658707188,0.7697653379382958,4.23940122127533,0.4126378529394615,3.331056727787982
4,0023,page0023.clip,2880,5760,2968,5856,88,96,0.017938368055555556,1256,2503,12.041560528935996,0.7625196372391785,5.237275719642639,0.650045955056601,3.285179806312646
5,0032,page0032.clip,2880,960,2824,1064,-56,104,0.01368923611111111,2271,3319,18.231494658950712,0.7710575215715273,5.650025248527527,0.570122502487195,3.1813805601418865
6,0034,page0034.clip,2880,5760,3008,5936,128,176,0.1082638888888889,6745,7573,25.685907036771145,0.7165597625676084,5.454812049865723,0.7424662247133532,3.0858093826355804
7,0032,page0032.clip,3840,1920,3736,1984,-104,64,0.03533420138888889,1908,3823,23.68343974155017,0.7209593386421161,5.151689052581787,0.5941260147483545,3.049759694492907
8,0009,page0009.clip,3840,1920,3872,1976,32,56,0.01765625,1765,4728,21.848332055947573,0.693706895481757,4.080249667167664,0.49564114642785073,3.048997461117533
9,0005,page0005.clip,3840,3840,3888,4016,48,176,0.04966145833333333,5102,6258,31.08555619003703,0.6743433315977836,5.157957077026367,0.790373992380248,2.9724244364878425
10,0033,page0033.clip,960,5760,1136,5888,176,128,0.045108506944444446,3884,6172,24.637271863000926,0.6882899846782996,5.258618235588074,0.6929496228736672,2.9440859745728174
11,0016,page0016.clip,0,4800,0,4936,0,136,0.016032986111111112,961,2167,17.070649981161264,0.7840724096328415,6.19274365901947,0.313785652699198,2.9328418385196717
12,0005,page0005.clip,1920,5760,2024,5872,104,112,0.017786458333333335,1300,3740,19.953355591065733,0.6732241310883773,4.89836061000824,0.6446341777019902,2.9021558756018306
13,0034,page0034.clip,3840,5760,3944,5928,104,168,0.029900173611111112,2463,3879,20.992438882473255,0.7120187180228906,5.571549892425537,0.5591810772638229,2.893128473440404
14,0002,page0002.clip,1920,3840,1864,3720,-56,-120,0.08286024305555556,9015,9589,43.930433015469156,0.6846923000730709,5.795140981674194,0.7800314664237272,2.8884584771694977
15,0034,page0034.clip,1920,5760,2080,5920,160,160,0.03195746527777778,2281,4980,23.78830132591993,0.6583642290274472,4.921173572540283,0.7192880459179827,2.883016867363566
16,0033,page0033.clip,1920,4800,2064,4960,144,160,0.02684027777777778,2742,3961,23.428463208160938,0.6575029337271622,5.229126930236816,0.7883022154066626,2.872331054913778
17,0001,page0001.clip,1920,2880,1960,2856,40,-24,0.029557291666666666,2984,4390,28.6740971163946,0.6905976251727083,5.928099870681763,0.740995601753939,2.8601646331303394
18,0037,page0037.clip,0,3840,152,4000,152,160,0.022152777777777778,2416,3718,28.8554604853273,0.7156402609788219,6.157286167144775,0.6041977311597474,2.8301022563929528
19,0032,page0032.clip,3840,5760,3768,5632,-72,-128,0.026762152777777777,2262,2739,14.599359772616403,0.6384904054384304,4.999983310699463,0.7831124107296968,2.818945293636017
20,0032,page0032.clip,960,1920,1000,1984,40,64,0.023307291666666667,1771,3106,14.584848441321988,0.7128717887458368,5.878861904144287,0.5332589189534443,2.815193698063082
21,0032,page0032.clip,1920,2880,1920,2896,0,16,0.03201822916666667,2531,3207,19.80038957527679,0.6966202451144665,6.41298508644104,0.7409337641093563,2.7932512195716095
22,0032,page0032.clip,3840,2880,3752,2904,-88,24,0.025151909722222223,3041,3895,17.29247379722547,0.6792198703551108,5.447834014892578,0.599808793541482,2.786379583630224
23,0033,page0033.clip,1920,5760,2080,5880,160,120,0.017122395833333335,1499,3036,18.975535748937226,0.6655206408338974,5.822407484054565,0.7730272138077315,2.781543478404759
24,0011,page0011.clip,960,4800,1104,4968,144,168,0.05552951388888889,2074,2569,11.910408509188056,0.6630237634593694,5.236788630485535,0.5110643856697303,2.676612599735525
25,0009,page0009.clip,960,4800,944,4872,-16,72,0.02326388888888889,1337,1940,18.91803145333211,0.6940719359721803,6.566643714904785,0.6380057962615616,2.6674355738891937
26,0020,page0020.clip,960,960,1008,832,48,-128,0.01720920138888889,1306,2696,23.32450532386065,0.6785596811089841,6.829700231552124,0.6193496331496796,2.5223380657542394
27,0032,page0032.clip,1920,960,1912,1048,-8,88,0.022352430555555556,1601,4808,22.684742077580943,0.6454009742023631,6.58018946647644,0.6357416461655736,2.4195602946489863
28,0040,page0040.clip,960,3840,880,4016,-80,176,0.047838541666666665,6136,7495,23.820463489181034,0.6593087686980676,6.277177095413208,0.464861830630217,2.41299788891187
29,0011,page0011.clip,960,2880,1120,3056,160,176,0.03009548611111111,1333,1822,12.967933706457892,0.6033058706528783,5.191782474517822,0.5405510116528355,2.4106136676830956
30,0005,page0005.clip,1920,3840,2040,4016,120,176,0.05459201388888889,4482,6083,25.695876794180716,0.6165120527706612,6.66834568977356,0.7518401208159012,2.3503632225513154
31,0032,page0032.clip,2880,5760,2848,5648,-32,-112,0.059756944444444446,5552,9625,33.07311357099511,0.6045502476255431,6.7592453956604,0.7705307287910962,2.287326742028512
32,0040,page0040.clip,1920,5760,1816,5928,-104,168,0.061549479166666664,3899,8731,27.089949247437694,0.6041655679450595,6.968719720840454,0.8083583847108323,2.273770603325872
33,0025,page0025.clip,3840,960,3752,960,-88,0,0.014309895833333334,960,1296,18.399270199732143,0.6148679944418712,5.083560466766357,0.23555246905951044,2.2460698541036934
34,0033,page0033.clip,2880,4800,2992,4960,112,160,0.037269965277777775,5733,9229,27.818376551808477,0.6374382548309842,7.674251556396484,0.6935316355222927,2.207166271293458
35,0009,page0009.clip,2880,3840,2864,3816,-16,-24,0.06578993055555556,1325,4714,29.471201570547148,0.6216114687952818,6.7440584897994995,0.5442473580571043,2.1946435324621927
36,0032,page0032.clip,1920,3840,1920,3808,0,-32,0.018936631944444445,1903,4535,22.694977665735912,0.6209489514933276,7.867963075637817,0.7789273118638226,2.1542939918301327
37,0029,page0029.clip,0,960,128,1032,128,72,0.05283854166666667,2362,2075,40.552474712490444,0.6242119075995446,7.258152484893799,0.5973772644369996,2.1473308525685626
38,0005,page0005.clip,2880,3840,2952,4016,72,176,0.03529079861111111,2890,3962,19.498836695148565,0.6457699964583824,8.038004398345947,0.6062311294555467,2.10623400618716
39,0032,page0032.clip,2880,4800,2832,4720,-48,-80,0.04384548611111111,4908,8783,28.02983988553796,0.5961982093555414,7.627718210220337,0.8105507666793604,2.1038880180771273
40,0040,page0040.clip,960,5760,872,5928,-88,168,0.09519965277777778,7625,9140,26.674818888582852,0.5985122547261648,7.5638697147369385,0.7690756012228381,2.095047811661707
41,0005,page0005.clip,3840,4800,3880,4952,40,152,0.04044704861111111,3597,5152,21.00471955274595,0.572935564240074,6.965412139892578,0.778225221927074,2.0941755707635137
42,0023,page0023.clip,1920,3840,2032,4016,112,176,0.06713107638888889,4116,8207,25.58377254870306,0.5773617762298651,6.963852643966675,0.73927024032072,2.0854545446125665
43,0015,page0015.clip,0,3840,144,3984,144,144,0.05743923611111111,1539,4220,22.124044359311082,0.5914147959539405,7.087426066398621,0.6803499509298545,2.083868727233862
44,0025,page0025.clip,1920,4800,1928,4696,8,-104,0.03204427083333333,2807,3446,25.432809603623706,0.6017296373379917,7.676359415054321,0.75634237148033,2.0784502008633585
45,0040,page0040.clip,1920,0,1856,168,-64,168,0.02506076388888889,3148,3574,16.82592930702251,0.6556518118195304,7.819433212280273,0.4172975041561602,2.0482104199665256
46,0011,page0011.clip,2880,2880,2992,3056,112,176,0.030299479166666667,2895,4717,16.12977137481726,0.5620123191649714,6.776889324188232,0.7200042400188177,2.0306871230022647
47,0005,page0005.clip,960,4800,1112,4928,152,128,0.027821180555555554,1242,3585,17.235760882800992,0.5983522142121525,7.290812373161316,0.5527008375196485,1.9757592664442176
48,0032,page0032.clip,1920,5760,1904,5632,-16,-128,0.015625,1379,2589,14.185468677635079,0.5957724773699117,7.6013405323028564,0.6440008335718259,1.9737949472464478
49,0001,page0001.clip,960,1920,1000,1792,40,-128,0.019639756944444444,1113,1787,18.217423055242744,0.6332555875093407,7.877686500549316,0.4668101242080258,1.9641887368032611
50,0032,page0032.clip,3840,960,3744,1048,-96,88,0.019600694444444445,2506,3727,20.456224742925222,0.6200139931931417,8.514189004898071,0.708104930971253,1.9637161097630964
51,0032,page0032.clip,960,4800,1008,4712,48,-88,0.016197916666666666,1169,3636,20.433835102933788,0.6050975870368973,8.685949087142944,0.800422825505011,1.9286363781599063
52,0029,page0029.clip,3840,3840,3888,3912,48,72,0.04467881944444444,4250,3699,25.583673814724392,0.6430595966477022,8.301207304000854,0.46493868393248355,1.9270074695843267
53,0040,page0040.clip,1920,1920,1848,2080,-72,160,0.023363715277777777,2106,2161,15.126252509485658,0.6321095910973652,8.873335361480713,0.6731714111433629,1.9244180121053736
54,0011,page0011.clip,960,3840,1112,4016,152,176,0.09578993055555556,4173,6525,24.30115456646227,0.5724779370754509,7.549066543579102,0.7038758885193138,1.9156770874768856
55,0028,page0028.clip,1920,5760,2088,5928,168,168,0.10118489583333333,7667,13955,31.79623204373153,0.5789314685608608,8.087630987167358,0.7412148399507918,1.8701030173314654
56,0020,page0020.clip,2880,5760,2936,5704,56,-56,0.06261284722222223,4784,5122,26.45883850565324,0.5738591418877423,7.684910774230957,0.6606434593536628,1.8608283220754502
57,0008,page0008.clip,1920,1920,1864,1784,-56,-136,0.03825520833333333,3274,9563,32.62328544786907,0.5692932582639322,7.739953994750977,0.6748665973411727,1.8383687702424036
58,0023,page0023.clip,0,4800,160,4944,160,144,0.012717013888888889,820,2440,10.100692035395095,0.6279955312774307,8.313316822052002,0.43415821677451627,1.8246408653963662
59,0032,page0032.clip,4481,2880,4369,2896,-112,16,0.018993055555555555,2690,4751,19.334148271239876,0.5926983315418478,8.270021438598633,0.6370608172677746,1.819136023803732
60,0005,page0005.clip,3840,1920,3872,2024,32,104,0.017821180555555555,1134,2391,15.817821072463234,0.6544108748483154,9.187570095062256,0.44941163036719267,1.79406965952288
61,0009,page0009.clip,3840,3840,3888,3760,48,-80,0.017682291666666666,1075,4351,23.549190726002173,0.598702710531031,8.178546667098999,0.5453064176706104,1.7940493533718431
62,0032,page0032.clip,1920,1920,1920,1976,0,56,0.03404079861111111,3031,4835,22.772229353182542,0.58493679067874,8.012789011001587,0.5873313097130706,1.7919911989638393
63,0009,page0009.clip,960,2880,960,2896,0,16,0.059453125,3340,7581,27.325584906660264,0.6010361908866768,8.75833511352539,0.63552883639725,1.761937000846106
64,0031,page0031.clip,1920,4800,2056,4952,136,152,0.025607638888888888,1998,3204,11.756109763039417,0.640410635115807,8.854411363601685,0.40485470505779786,1.7550546669049365
65,0032,page0032.clip,1920,4800,1920,4712,0,-88,0.0439453125,2902,5852,24.018654528236617,0.5554247215562502,8.326514959335327,0.7963317543997126,1.748886019433956
66,0025,page0025.clip,0,3840,16,3760,16,-80,0.010399305555555556,869,1694,19.667051944174347,0.5680545658149242,7.788431644439697,0.5826709868695106,1.7487232896822902
67,0008,page0008.clip,2880,4800,2816,4712,-64,-88,0.039088541666666664,2385,6744,24.755678828548707,0.5521814350820268,7.478978633880615,0.5910080350183213,1.737917876648668
68,0036,page0036.clip,2880,3840,2976,4008,96,168,0.05583333333333333,5724,5120,25.070416100408234,0.5973125690584646,9.109035968780518,0.7113617455681772,1.7338450479907617
69,0033,page0033.clip,3840,4800,3896,4976,56,176,0.04731770833333333,5170,11227,32.957362945510674,0.5318463924497292,7.64733624458313,0.7213927805811169,1.7068789377969136
70,0019,page0019.clip,2880,4800,2712,4848,-168,48,0.046362847222222225,3259,2573,19.78187152882994,0.5436936735253819,7.824169397354126,0.6842751302004226,1.7010545923164224
71,0016,page0016.clip,1920,1920,1840,2088,-80,168,0.04216145833333333,2936,4539,26.13964127631148,0.563611967224119,8.513345718383789,0.6980434808561679,1.6738254771287715
72,0008,page0008.clip,960,2880,880,2784,-80,-96,0.01466579861111111,991,2232,20.001816921163222,0.5779333297949065,8.432228803634644,0.5608519409745858,1.6519024410272727
73,0008,page0008.clip,1920,5760,1936,5616,16,-144,0.021453993055555554,2620,8416,29.33069138927638,0.5273574212266174,7.575829267501831,0.6618462471154776,1.651098250325103
74,0034,page0034.clip,1920,4800,2096,4976,176,176,0.014453125,1380,2267,13.94689300861313,0.4873815288245056,6.4369988441467285,0.5882393972028357,1.6200993930554508
75,0008,page0008.clip,3840,2880,3776,2752,-64,-128,0.047174479166666665,7496,8941,36.08723324102416,0.5745380544809219,8.58858871459961,0.580473759592912,1.6193515371590173
76,0040,page0040.clip,2880,2880,2752,3056,-128,176,0.06703125,6317,10687,28.729344677173703,0.5326212724261393,8.318060874938965,0.7717434950091354,1.6168889831502118
77,0009,page0009.clip,2880,4800,2960,4832,80,32,0.06726996527777777,8097,12035,35.19645712108701,0.5801042115666162,8.796755313873291,0.5792303384059913,1.6045542657832157
78,0033,page0033.clip,960,3840,1136,3936,176,96,0.03322482638888889,1935,4159,23.186824746948087,0.5616924225238803,8.000003099441528,0.4907905133158192,1.601093903383751
79,0029,page0029.clip,0,2880,176,2912,176,32,0.018806423611111112,1932,3618,21.207092124738384,0.535317143777833,7.978480577468872,0.6293953000335253,1.584405843422211
80,0002,page0002.clip,1920,2880,1888,2752,-32,-128,0.08309027777777778,8529,14726,49.81248709856045,0.5177063966764943,8.251907110214233,0.7811213249261566,1.5630476212805502
81,0025,page0025.clip,960,2880,984,2784,24,-96,0.041805555555555554,4080,3148,29.52213957376031,0.5433448732181311,8.807441234588623,0.7584686941497187,1.5620110744927056
82,0006,page0006.clip,2880,2880,3024,3056,144,176,0.043715277777777777,2886,5313,20.27391113427211,0.5134998823173397,8.289886236190796,0.7787320603405861,1.5325078126210079
83,0029,page0029.clip,960,3840,1112,3928,152,88,0.03631510416666667,2577,3157,18.678956219045386,0.5576664347581565,9.256558895111084,0.7390179005142766,1.5282347151799867
84,0001,page0001.clip,1920,4800,1976,4808,56,8,0.06634548611111112,4810,7128,38.57763035045821,0.5202474314562834,8.627745628356934,0.7858758674236813,1.5043887255489752
85,0019,page0019.clip,3840,2880,3664,2960,-176,80,0.06527777777777778,7186,9839,44.88212604228458,0.5487086603636302,8.564769983291626,0.5539255491011486,1.4737297444407442
86,0010,page0010.clip,1920,4800,2096,4976,176,176,0.0359765625,1825,2436,11.881275805303554,0.5118779350275497,8.264035701751709,0.6930054158764988,1.460986867488606
87,0008,page0008.clip,2880,5760,2824,5720,-56,-40,0.019934895833333334,1134,2926,19.43562366494307,0.572784595565801,9.186938762664795,0.5258857033238831,1.4472437879551523
88,0005,page0005.clip,4481,2880,4321,2848,-160,-32,0.04945746527777778,4977,9233,34.519229275559255,0.5069575884306129,8.228662490844727,0.695763067795468,1.4456658982204935
89,0009,page0009.clip,1920,4800,1912,4848,-8,48,0.07551649305555555,7376,10681,32.128821446283816,0.5186409324261521,9.033066511154175,0.780613766912436,1.4110823734298739
90,0006,page0006.clip,960,2880,800,3024,-160,144,0.06019965277777778,6857,8026,36.31144567318919,0.5410817027248437,8.427165269851685,0.4629037504895728,1.3902984600455397
91,0009,page0009.clip,2880,5760,2896,5728,16,-32,0.0450390625,4841,7430,35.64888085967736,0.577076246712476,9.506672143936157,0.4985990390981688,1.3829260360536837
92,0015,page0015.clip,0,4800,120,4920,120,120,0.01825520833333333,1740,1673,17.626677530716258,0.5784763377738231,10.235080242156982,0.6682554383324006,1.37996999110364
93,0001,page0001.clip,1920,1920,1960,1872,40,-48,0.0628515625,4979,7132,38.75761034082981,0.5073114471297177,9.027823448181152,0.7897646349237,1.3628042539513179
94,0001,page0001.clip,1920,5760,1984,5736,64,-24,0.08168836805555556,5968,8386,47.33047562188011,0.5093582153431,9.043982028961182,0.7560183115197741,1.342809320139083
95,0001,page0001.clip,3840,960,3920,912,80,-48,0.03289930555555556,1783,7137,26.18856693999787,0.4822127531234561,8.672006368637085,0.7732256795452326,1.2952430355260494
96,0002,page0002.clip,960,3840,912,3736,-48,-104,0.11743055555555555,5761,11638,48.106378387137944,0.502708801627963,9.374031066894531,0.7099988227733001,1.2067368529795492
97,0026,page0026.clip,2880,4800,2896,4800,16,0,0.03685329861111111,2717,4169,31.35811967551831,0.5373019888154318,10.203924179077148,0.653595023284866,1.1686011268896217
98,0019,page0019.clip,1920,2880,1760,2904,-160,24,0.017621527777777778,1961,3692,23.007760631032742,0.526548648337869,9.155886888504028,0.4449579287301633,1.1575322069726695
99,0039,page0039.clip,3840,5760,3728,5880,-112,120,0.012565104166666667,768,1630,16.592999154154864,0.5342944082037727,10.367370247840881,0.6602603442026636,1.126206266812818
100,0015,page0015.clip,960,4800,1136,4928,176,128,0.027235243055555556,1331,3176,15.945381995537412,0.5303611669407393,10.156277179718018,0.6169419467987718,1.1141039561991106
101,0001,page0001.clip,1920,960,1952,904,32,-56,0.04470920138888889,2274,6443,29.59787742969731,0.48753208599372805,9.771446943283081,0.7614723054199495,1.0925488856479837
102,0001,page0001.clip,2880,2880,2976,2880,96,0,0.06697916666666667,8785,12722,45.142444432188796,0.5174132079280532,9.746670246124268,0.5549173500818345,1.0816658704808804
103,0019,page0019.clip,960,960,784,976,-176,16,0.06112847222222222,3917,5225,34.69975597973606,0.48397229482207954,10.065736770629883,0.8037806719712068,1.0497386575613867
104,0013,page0013.clip,3840,3840,3736,4000,-104,160,0.030785590277777778,2124,2099,18.040504380019836,0.4931003994891588,9.602171421051025,0.5967436804400992,1.0224626575876683
105,0015,page0015.clip,3840,1920,3984,1992,144,72,0.016922743055555557,1906,3220,18.553000743318865,0.49282648814862434,10.011311769485474,0.6998819154688141,1.0217756192210783
106,0001,page0001.clip,2880,4800,2968,4736,88,-64,0.08424479166666667,8458,11121,44.66647235267573,0.5042654230472434,10.115663528442383,0.6535071840860831,1.0210001568166074
107,0022,page0022.clip,0,1920,112,1832,112,-88,0.010217013888888888,874,2415,14.148479463689378,0.49975582539871305,10.178593158721924,0.6407888740545642,0.9756915944928317
108,0012,page0012.clip,0,5760,64,5768,64,8,0.024171006944444445,4239,3776,18.015330314172402,0.48547343655082736,8.78429388999939,0.3729707309801136,0.9688849895383498
109,0038,page0038.clip,0,3840,32,3720,32,-120,0.011684027777777778,1143,990,12.75027278725681,0.5487127189968877,10.360812187194824,0.33283318237780324,0.9376677034477161
110,0001,page0001.clip,0,4800,16,4784,16,-16,0.04684027777777778,3904,7899,35.12908352107227,0.4924117835867086,9.61449146270752,0.4931964246528794,0.9337177651143429
111,0031,page0031.clip,960,960,1128,1136,168,176,0.033606770833333334,1500,4324,22.25277045700115,0.49331944397614197,9.374906539916992,0.4219992759717291,0.9292153326746946
112,0039,page0039.clip,3840,960,3984,1136,144,176,0.020199652777777778,962,3068,20.373398883823974,0.5099175461987085,9.304547309875488,0.2940923537934953,0.9239521520532414
113,0028,page0028.clip,2880,5760,2960,5928,80,168,0.0159765625,924,2809,14.17618000390159,0.49155288127748203,9.999024629592896,0.5002358897057437,0.8581481922334258
114,0009,page0009.clip,960,3840,984,3864,24,24,0.07103732638888889,6190,9675,36.21463447250815,0.4925227211841772,10.398967504501343,0.5463332871681233,0.819886734755116
115,0006,page0006.clip,0,2880,144,2896,144,16,0.05688802083333333,6407,3555,33.372064815774266,0.4802838979301674,10.17004919052124,0.5558402133625473,0.8120818222366268
